Query	Marker	Taxonomy	Confident_Taxonomy	Abundance	Likelihood	WTD
scaffold00041	napA	Bacteria; Proteobacteria; Gammaproteobacteria; Thiotrichales; Thiotrichaceae	Bacteria; Proteobacteria; Gammaproteobacteria; Thiotrichales; Thiotrichaceae	4.8118	0.997257	0.01562
scaffold00093	napA	Bacteria; Proteobacteria; Deltaproteobacteria	Bacteria; Proteobacteria; Deltaproteobacteria	5.69916	0.658394	0.21875
scaffold00127	napA	Bacteria; Firmicutes; Clostridia; Clostridiales; Symbiobacteriaceae; Symbiobacterium; Symbiobacterium thermophilum	Bacteria; Firmicutes; Clostridia; Clostridiales; Symbiobacteriaceae	4.28336	1.0	0.0
scaffold00321	napA	Bacteria; Firmicutes; Clostridia; Clostridiales; Symbiobacteriaceae; Symbiobacterium; Symbiobacterium thermophilum	Bacteria; Firmicutes; Clostridia; Clostridiales; Symbiobacteriaceae	4.87069	0.796393	0.0
scaffold00346	napA	Bacteria; Firmicutes; Clostridia; Clostridiales; Symbiobacteriaceae; Symbiobacterium; Symbiobacterium thermophilum	Bacteria; Firmicutes; Clostridia; Clostridiales; Symbiobacteriaceae	4.75924	0.999936	0.0
scaffold00355	napA	Bacteria; Proteobacteria; Gammaproteobacteria; unclassified Gammaproteobacteria; Candidatus Thioglobus	Bacteria; Proteobacteria; Gammaproteobacteria; unclassified Gammaproteobacteria; Candidatus Thioglobus	4.6922	1.0	0.0
scaffold00488	napA	Bacteria; Firmicutes; Clostridia; Clostridiales; Symbiobacteriaceae; Symbiobacterium; Symbiobacterium thermophilum	Bacteria; Firmicutes; Clostridia; Clostridiales; Symbiobacteriaceae	4.88113	0.999936	0.0
scaffold00502	napA	Bacteria; Firmicutes; Clostridia; Clostridiales; Symbiobacteriaceae; Symbiobacterium; Symbiobacterium thermophilum	Bacteria; Firmicutes; Clostridia; Clostridiales; Symbiobacteriaceae	4.24515	0.835209	0.0
scaffold00535	napA	Bacteria; Firmicutes; Clostridia; Clostridiales; Symbiobacteriaceae; Symbiobacterium; Symbiobacterium thermophilum	Bacteria; Firmicutes; Clostridia; Clostridiales; Symbiobacteriaceae	13.9411	0.966882	0.0
scaffold00672	napA	Bacteria; Firmicutes; Clostridia; Clostridiales; Symbiobacteriaceae; Symbiobacterium; Symbiobacterium thermophilum	Bacteria; Firmicutes; Clostridia; Clostridiales; Symbiobacteriaceae	12.7004	0.994395	0.0
scaffold00743	napA	Bacteria; Proteobacteria; Deltaproteobacteria	Bacteria; Proteobacteria; Deltaproteobacteria	17.2867	0.674868	0.21875
scaffold00782	napA	Bacteria; Bacteroidetes; Cytophagia; Cytophagales; Flammeovirgaceae; Flammeovirga	Bacteria; Bacteroidetes; Cytophagia; Cytophagales; Flammeovirgaceae	3.47707	0.752998	0.0
scaffold00843	napA	Bacteria; Proteobacteria	Bacteria; Proteobacteria	4.84127	0.643847	0.20392
scaffold00905	napA	Bacteria	Bacteria	6.76379	0.988847	0.39062
scaffold00933	napA	Bacteria; Firmicutes; Clostridia; Clostridiales; Symbiobacteriaceae; Symbiobacterium; Symbiobacterium thermophilum	Bacteria; Firmicutes; Clostridia; Clostridiales; Symbiobacteriaceae	2.83097	0.569936	0.0
scaffold01300	napA	Bacteria; Deferribacteres; Deferribacteres; Deferribacterales; Deferribacteraceae; Mucispirillum; Mucispirillum schaedleri	Bacteria; Deferribacteres; Deferribacteres; Deferribacterales; Deferribacteraceae	3.7534	0.420648	0.0
scaffold01342	napA	Bacteria; Firmicutes; Clostridia; Clostridiales; Symbiobacteriaceae; Symbiobacterium; Symbiobacterium thermophilum	Bacteria; Firmicutes; Clostridia; Clostridiales; Symbiobacteriaceae	4.34082	1.0	0.0
scaffold01347	napA	Bacteria; Firmicutes; Clostridia; Clostridiales; Symbiobacteriaceae; Symbiobacterium; Symbiobacterium thermophilum	Bacteria; Firmicutes; Clostridia; Clostridiales; Symbiobacteriaceae	5.59232	1.0	0.0
scaffold01413	napA	Bacteria; Proteobacteria; Deltaproteobacteria	Bacteria; Proteobacteria; Deltaproteobacteria	6.06524	0.449366	0.21875
scaffold01482	napA	Bacteria; Proteobacteria; Gammaproteobacteria; unclassified Gammaproteobacteria; Candidatus Thioglobus	Bacteria; Proteobacteria; Gammaproteobacteria; unclassified Gammaproteobacteria; Candidatus Thioglobus	29.231	1.0	0.0
scaffold01698	napA	Bacteria; Proteobacteria; Deltaproteobacteria; Desulfovibrionales; Desulfovibrionaceae	Bacteria; Proteobacteria; Deltaproteobacteria; Desulfovibrionales; Desulfovibrionaceae	3.05323	0.343088	0.01562
scaffold01755	napA	Bacteria; Firmicutes; Clostridia; Clostridiales; Symbiobacteriaceae; Symbiobacterium; Symbiobacterium thermophilum	Bacteria; Firmicutes; Clostridia; Clostridiales; Symbiobacteriaceae	1.96651	1.0	0.0
scaffold01990	napA	Bacteria; Proteobacteria; Deltaproteobacteria	Bacteria; Proteobacteria; Deltaproteobacteria	7.92602	0.990717	0.21875
scaffold02138	napA	Bacteria; Thermodesulfobacteria; Thermodesulfobacteria; Thermodesulfobacteriales; Thermodesulfobacteriaceae; Caldimicrobium	Bacteria; Thermodesulfobacteria; Thermodesulfobacteria; Thermodesulfobacteriales; Thermodesulfobacteriaceae	3.92179	0.403607	0.0
scaffold02872	napA	Bacteria; Proteobacteria; Deltaproteobacteria	Bacteria; Proteobacteria; Deltaproteobacteria	3.6137	0.326206	0.21875
scaffold03044	napA	Bacteria; Proteobacteria; Deltaproteobacteria	Bacteria; Proteobacteria; Deltaproteobacteria	17.2598	0.350312	0.21875
scaffold03201	napA	Bacteria	Bacteria	3.77873	0.315067	0.39062
scaffold03387	napA	Bacteria; Bacteroidetes	Bacteria; Bacteroidetes	4.44302	0.2678	0.16667
scaffold03493	napA	Bacteria; Proteobacteria; Deltaproteobacteria	Bacteria; Proteobacteria; Deltaproteobacteria	9.32494	0.604959	0.21875
scaffold03496	napA	Bacteria; Proteobacteria; Deltaproteobacteria	Bacteria; Proteobacteria; Deltaproteobacteria	11.56	0.419577	0.21875
scaffold04388	napA	Bacteria; Thermodesulfobacteria; Thermodesulfobacteria; Thermodesulfobacteriales; Thermodesulfobacteriaceae; Caldimicrobium	Bacteria; Thermodesulfobacteria; Thermodesulfobacteria; Thermodesulfobacteriales; Thermodesulfobacteriaceae	15.388	0.493591	0.0
scaffold04820	napA	Bacteria; Firmicutes; Negativicutes; Selenomonadales	Bacteria; Firmicutes; Negativicutes; Selenomonadales	5.15021	0.210278	0.09375
scaffold05168	napA	Bacteria; Firmicutes; Clostridia; Clostridiales; Symbiobacteriaceae; Symbiobacterium; Symbiobacterium thermophilum	Bacteria; Firmicutes; Clostridia; Clostridiales; Symbiobacteriaceae	3.94396	0.900484	0.0
scaffold05213	napA	Bacteria; Deferribacteres; Deferribacteres; Deferribacterales; Deferribacteraceae	Bacteria; Deferribacteres; Deferribacteres; Deferribacterales; Deferribacteraceae	9.45497	0.956263	0.075
scaffold05330	napA	Bacteria; Deferribacteres; Deferribacteres; Deferribacterales; Deferribacteraceae	Bacteria; Deferribacteres; Deferribacteres; Deferribacterales; Deferribacteraceae	0	0.894688	0.075
scaffold05673	napA	Bacteria; Firmicutes; Clostridia; Clostridiales; Symbiobacteriaceae; Symbiobacterium; Symbiobacterium thermophilum	Bacteria; Firmicutes; Clostridia; Clostridiales; Symbiobacteriaceae	8.11663	0.999783	0.0
scaffold05689	napA	Bacteria; Thermodesulfobacteria; Thermodesulfobacteria; Thermodesulfobacteriales; Thermodesulfobacteriaceae; Caldimicrobium	Bacteria; Thermodesulfobacteria; Thermodesulfobacteria; Thermodesulfobacteriales; Thermodesulfobacteriaceae	3.61225	0.969183	0.0
scaffold05963	napA	Bacteria; Proteobacteria; Deltaproteobacteria	Bacteria; Proteobacteria; Deltaproteobacteria	3.696	0.943884	0.21875
scaffold06073	napA	Bacteria; Firmicutes; Clostridia; Clostridiales; Symbiobacteriaceae; Symbiobacterium; Symbiobacterium thermophilum	Bacteria; Firmicutes; Clostridia; Clostridiales; Symbiobacteriaceae	16.8753	0.520125	0.0
scaffold06554	napA	unclassified sequences; metagenomes; ecological metagenomes	unclassified sequences; metagenomes; ecological metagenomes	3.71577	0.338694	0.0
scaffold06587	napA	Bacteria; Planctomycetes; Planctomycetia; Planctomycetales; Planctomycetaceae; Rhodopirellula; Rhodopirellula maiorica	Bacteria; Planctomycetes; Planctomycetia; Planctomycetales; Planctomycetaceae	5.76472	0.299803	0.0
scaffold06828	napA	Bacteria; Thermodesulfobacteria; Thermodesulfobacteria; Thermodesulfobacteriales; Thermodesulfobacteriaceae; Caldimicrobium	Bacteria; Thermodesulfobacteria; Thermodesulfobacteria; Thermodesulfobacteriales; Thermodesulfobacteriaceae	4.87291	0.978503	0.0
scaffold07230	napA	Bacteria; Firmicutes; Clostridia; Clostridiales; Symbiobacteriaceae; Symbiobacterium; Symbiobacterium thermophilum	Bacteria; Firmicutes; Clostridia; Clostridiales; Symbiobacteriaceae	4.07864	0.552047	0.0
scaffold08171	napA	Bacteria; Firmicutes; Clostridia; Clostridiales; Symbiobacteriaceae; Symbiobacterium; Symbiobacterium thermophilum	Bacteria; Firmicutes; Clostridia; Clostridiales; Symbiobacteriaceae	30.5906	0.755785	0.0
scaffold08334	napA	Bacteria; Bacteroidetes; Cytophagia; Cytophagales; Flammeovirgaceae; Flammeovirga	Bacteria; Bacteroidetes; Cytophagia; Cytophagales; Flammeovirgaceae	4.08662	0.51173	0.0
scaffold08554	napA	Bacteria; Deferribacteres; Deferribacteres; Deferribacterales; Deferribacteraceae	Bacteria; Deferribacteres; Deferribacteres; Deferribacterales; Deferribacteraceae	1.46798	0.972018	0.075
scaffold09525	napA	Bacteria; Proteobacteria; Deltaproteobacteria	Bacteria; Proteobacteria; Deltaproteobacteria	4.49773	0.393131	0.21875
scaffold10022	napA	Bacteria; Firmicutes; Clostridia; Clostridiales; Symbiobacteriaceae; Symbiobacterium; Symbiobacterium thermophilum	Bacteria; Firmicutes; Clostridia; Clostridiales; Symbiobacteriaceae	10.7555	0.874217	0.0
scaffold10201	napA	Bacteria; Thermodesulfobacteria; Thermodesulfobacteria; Thermodesulfobacteriales; Thermodesulfobacteriaceae; Caldimicrobium	Bacteria; Thermodesulfobacteria; Thermodesulfobacteria; Thermodesulfobacteriales; Thermodesulfobacteriaceae	14.587	0.308794	0.0
scaffold10247	napA	Bacteria; Firmicutes; Clostridia; Clostridiales; unclassified Clostridiales; unclassified Clostridiales 	Bacteria; Firmicutes; Clostridia; Clostridiales; unclassified Clostridiales	5.36183	0.505182	0.0
scaffold103018	napA	Bacteria; Firmicutes; Clostridia; Clostridiales; Symbiobacteriaceae; Symbiobacterium; Symbiobacterium thermophilum	Bacteria; Firmicutes; Clostridia; Clostridiales; Symbiobacteriaceae	3.63641	0.960227	0.0
scaffold103373	napA	Bacteria; Firmicutes; Clostridia; Clostridiales; Symbiobacteriaceae; Symbiobacterium; Symbiobacterium thermophilum	Bacteria; Firmicutes; Clostridia; Clostridiales; Symbiobacteriaceae	2.04814	0.238621	0.0
scaffold104206	napA	Bacteria; Actinobacteria; Coriobacteriia; Eggerthellales; Eggerthellaceae	Bacteria; Actinobacteria; Coriobacteriia; Eggerthellales; Eggerthellaceae	1.47181	0.394191	0.125
scaffold104270	napA	Bacteria; Proteobacteria; Deltaproteobacteria; Myxococcales; Cystobacterineae; Archangiaceae; Cystobacter; Cystobacter fuscus	Bacteria; Proteobacteria; Deltaproteobacteria; Myxococcales; Cystobacterineae	3.33322	0.705113	0.0
scaffold106144	napA	Bacteria; Bacteroidetes; Cytophagia; Cytophagales; Flammeovirgaceae; Flammeovirga	Bacteria; Bacteroidetes; Cytophagia; Cytophagales; Flammeovirgaceae	1.33608	0.52658	0.0
scaffold107966	napA	Bacteria; Firmicutes; Clostridia; Clostridiales; Symbiobacteriaceae; Symbiobacterium; Symbiobacterium thermophilum	Bacteria; Firmicutes; Clostridia; Clostridiales; Symbiobacteriaceae	1.74774	0.805507	0.0
scaffold108755	napA	Bacteria; Firmicutes; Clostridia; Clostridiales; Symbiobacteriaceae; Symbiobacterium; Symbiobacterium thermophilum	Bacteria; Firmicutes; Clostridia; Clostridiales; Symbiobacteriaceae	1.86587	0.989515	0.0
scaffold109764	napA	Bacteria; Proteobacteria; Deltaproteobacteria; Myxococcales; Cystobacterineae; Archangiaceae; Cystobacter; Cystobacter fuscus	Bacteria; Proteobacteria; Deltaproteobacteria; Myxococcales; Cystobacterineae	3.88858	0.98257	0.0
scaffold110833	napA	Bacteria; Actinobacteria; Coriobacteriia; Eggerthellales; Eggerthellaceae	Bacteria; Actinobacteria; Coriobacteriia; Eggerthellales; Eggerthellaceae	1.12426	0.297394	0.03125
scaffold112269	napA	Bacteria; Proteobacteria; Deltaproteobacteria; Myxococcales; Cystobacterineae; Archangiaceae; Cystobacter; Cystobacter fuscus	Bacteria; Proteobacteria; Deltaproteobacteria; Myxococcales; Cystobacterineae	1.29223	0.330456	0.0
scaffold113753	napA	Bacteria	Bacteria	2.53211	0.945374	0.39062
scaffold11476	napA	Bacteria; Proteobacteria	Bacteria; Proteobacteria	4.00715	0.93483	0.20392
scaffold119623	napA	Bacteria; Firmicutes; Clostridia; Clostridiales; Symbiobacteriaceae; Symbiobacterium; Symbiobacterium thermophilum	Bacteria; Firmicutes; Clostridia; Clostridiales; Symbiobacteriaceae	0.894692	0.999985	0.0
scaffold119687	napA	Bacteria; Firmicutes; Clostridia; Clostridiales; Symbiobacteriaceae; Symbiobacterium; Symbiobacterium thermophilum	Bacteria; Firmicutes; Clostridia; Clostridiales; Symbiobacteriaceae	1.67166	0.929385	0.0
scaffold12150	napA	Bacteria	Bacteria	11.6658	0.626412	0.42188
scaffold12523	napA	Bacteria	Bacteria	4.59234	0.459073	0.4375
scaffold128433	napA	Bacteria; Proteobacteria; Deltaproteobacteria	Bacteria; Proteobacteria; Deltaproteobacteria	3.84468	0.459876	0.21875
scaffold135205	napA	Bacteria; Firmicutes; Clostridia; Clostridiales; Symbiobacteriaceae; Symbiobacterium; Symbiobacterium thermophilum	Bacteria; Firmicutes; Clostridia; Clostridiales; Symbiobacteriaceae	1.06161	1.0	0.0
scaffold136186	napA	Bacteria	Bacteria	4.08832	0.441562	0.42188
scaffold138787	napA	Bacteria; Proteobacteria; Deltaproteobacteria; Desulfobacterales; Desulfobulbaceae; Desulfobulbus; Desulfobulbus propionicus	Bacteria; Proteobacteria; Deltaproteobacteria; Desulfobacterales; Desulfobulbaceae	1.66595	0.489666	0.0
scaffold141574	napA	Bacteria; Firmicutes; Clostridia; Clostridiales; Symbiobacteriaceae; Symbiobacterium; Symbiobacterium thermophilum	Bacteria; Firmicutes; Clostridia; Clostridiales; Symbiobacteriaceae	2.67103	0.761839	0.0
scaffold142539	napA	Bacteria	Bacteria	3.64773	0.53429	0.42188
scaffold14706	napA	Bacteria; Deferribacteres; Deferribacteres; Deferribacterales; Deferribacteraceae	Bacteria; Deferribacteres; Deferribacteres; Deferribacterales; Deferribacteraceae	1.41594	0.972018	0.075
scaffold147529	napA	Bacteria	Bacteria	3.5323	0.21333	0.42188
scaffold147730	napA	Bacteria; Deferribacteres; Deferribacteres; Deferribacterales; Deferribacteraceae; Mucispirillum; Mucispirillum schaedleri	Bacteria; Deferribacteres; Deferribacteres; Deferribacterales; Deferribacteraceae	2.3106	0.357181	0.0
scaffold15066	napA	Bacteria; Firmicutes; Clostridia; Clostridiales; unclassified Clostridiales; unclassified Clostridiales 	Bacteria; Firmicutes; Clostridia; Clostridiales; unclassified Clostridiales	5.35962	0.313636	0.0
scaffold151317	napA	Bacteria	Bacteria	0.970173	0.617791	0.39062
scaffold153035	napA	Bacteria; Firmicutes; Clostridia; Clostridiales; Symbiobacteriaceae; Symbiobacterium; Symbiobacterium thermophilum	Bacteria; Firmicutes; Clostridia; Clostridiales; Symbiobacteriaceae	1.2217	1.0	0.0
scaffold153160	napA	Bacteria; Firmicutes; Clostridia; Clostridiales; Symbiobacteriaceae; Symbiobacterium; Symbiobacterium thermophilum	Bacteria; Firmicutes; Clostridia; Clostridiales; Symbiobacteriaceae	1.98187	0.943827	0.0
scaffold15408	napA	Bacteria; unclassified Bacteria; Bacteria candidate phyla; candidate division NC10; Candidatus Methylomirabilis	Bacteria; unclassified Bacteria; Bacteria candidate phyla; candidate division NC10; Candidatus Methylomirabilis	2.15177	0.780522	0.0
scaffold155520	napA	Bacteria; Firmicutes; Clostridia; Clostridiales; Symbiobacteriaceae; Symbiobacterium; Symbiobacterium thermophilum	Bacteria; Firmicutes; Clostridia; Clostridiales; Symbiobacteriaceae	1.83712	0.867878	0.0
scaffold15938	napA	Bacteria; Proteobacteria	Bacteria; Proteobacteria	1.72379	0.322662	0.20392
scaffold16035	napA	Bacteria; Firmicutes; Clostridia; Clostridiales; Symbiobacteriaceae; Symbiobacterium; Symbiobacterium thermophilum	Bacteria; Firmicutes; Clostridia; Clostridiales; Symbiobacteriaceae	9.57589	0.831584	0.0
scaffold166219	napA	Bacteria; Acidobacteria; unclassified Acidobacteria; Acidobacteria subdivision 22	Bacteria; Acidobacteria; unclassified Acidobacteria; Acidobacteria subdivision 22	0.940012	0.288037	0.0
scaffold172508	napA	Bacteria; Firmicutes; Clostridia; Clostridiales; Symbiobacteriaceae; Symbiobacterium; Symbiobacterium thermophilum	Bacteria; Firmicutes; Clostridia; Clostridiales; Symbiobacteriaceae	2.38522	0.974937	0.0
scaffold173340	napA	Bacteria; Bacteroidetes	Bacteria; Bacteroidetes	8.51625	0.428185	0.16667
scaffold17592	napA	Bacteria; Firmicutes; Clostridia; Clostridiales; Symbiobacteriaceae; Symbiobacterium; Symbiobacterium thermophilum	Bacteria; Firmicutes; Clostridia; Clostridiales; Symbiobacteriaceae	1.06255	1.0	0.0
scaffold17790	napA	Bacteria; Deferribacteres; Deferribacteres; Deferribacterales; Deferribacteraceae; Mucispirillum; Mucispirillum schaedleri	Bacteria; Deferribacteres; Deferribacteres; Deferribacterales; Deferribacteraceae	2.64929	0.660262	0.0
scaffold178093	napA	Bacteria	Bacteria	2.69696	0.909598	0.39062
scaffold17863	napA	Bacteria; Proteobacteria	Bacteria; Proteobacteria	1.9316	0.607154	0.20392
scaffold179062	napA	Bacteria; Firmicutes; Clostridia; Clostridiales; Peptococcaceae; Desulfitobacterium	Bacteria; Firmicutes; Clostridia; Clostridiales; Peptococcaceae	1.51557	0.30503	0.0
scaffold18754	napA	Bacteria; Proteobacteria	Bacteria; Proteobacteria	3.34756	0.28966	0.20392
scaffold19011	napA	Bacteria; Firmicutes; Clostridia; Clostridiales; Symbiobacteriaceae; Symbiobacterium; Symbiobacterium thermophilum	Bacteria; Firmicutes; Clostridia; Clostridiales; Symbiobacteriaceae	12.0674	0.612217	0.0
scaffold192575	napA	Bacteria; Firmicutes; Clostridia; Clostridiales; Symbiobacteriaceae; Symbiobacterium; Symbiobacterium thermophilum	Bacteria; Firmicutes; Clostridia; Clostridiales; Symbiobacteriaceae	1.05307	0.263663	0.0
scaffold19311	napA	Bacteria; Firmicutes; Clostridia; Clostridiales; Symbiobacteriaceae; Symbiobacterium; Symbiobacterium thermophilum	Bacteria; Firmicutes; Clostridia; Clostridiales; Symbiobacteriaceae	3.27143	0.991434	0.0
scaffold195832	napA	Bacteria; Firmicutes; Negativicutes; Selenomonadales	Bacteria; Firmicutes; Negativicutes; Selenomonadales	2.72533	0.417079	0.09375
scaffold19678	napA	Bacteria; Proteobacteria; Deltaproteobacteria; unclassified Deltaproteobacteria; Dissulfuribacter	Bacteria; Proteobacteria; Deltaproteobacteria; unclassified Deltaproteobacteria; Dissulfuribacter	3.18974	0.49635	0.0
scaffold202971	napA	Bacteria; Deferribacteres; Deferribacteres; Deferribacterales; Deferribacteraceae	Bacteria; Deferribacteres; Deferribacteres; Deferribacterales; Deferribacteraceae	1.53423	0.400217	0.075
scaffold203012	napA	Bacteria	Bacteria	3.06845	0.370433	0.4375
scaffold20573	napA	Bacteria; Deferribacteres; Deferribacteres; Deferribacterales; Deferribacteraceae	Bacteria; Deferribacteres; Deferribacteres; Deferribacterales; Deferribacteraceae	4.50747	0.517446	0.075
scaffold206691	napA	Bacteria	Bacteria	3.9338	0.35719	0.42188
scaffold210660	napA	Bacteria; Firmicutes; Clostridia; Clostridiales; Symbiobacteriaceae; Symbiobacterium; Symbiobacterium thermophilum	Bacteria; Firmicutes; Clostridia; Clostridiales; Symbiobacteriaceae	1.2072	0.587383	0.0
scaffold219268	napA	Bacteria; Firmicutes; Clostridia; Clostridiales; unclassified Clostridiales; unclassified Clostridiales 	Bacteria; Firmicutes; Clostridia; Clostridiales; unclassified Clostridiales	1.57076	0.568407	0.0
scaffold22083	napA	Bacteria; Bacteroidetes	Bacteria; Bacteroidetes	2.00494	0.522423	0.325
scaffold223213	napA	Bacteria; Deferribacteres; Deferribacteres; Deferribacterales; Deferribacteraceae; Mucispirillum; Mucispirillum schaedleri	Bacteria; Deferribacteres; Deferribacteres; Deferribacterales; Deferribacteraceae	1.2142	0.449708	0.0
scaffold227473	napA	Bacteria; Firmicutes; Clostridia; Clostridiales; Symbiobacteriaceae; Symbiobacterium; Symbiobacterium thermophilum	Bacteria; Firmicutes; Clostridia; Clostridiales; Symbiobacteriaceae	1.39569	0.557629	0.0
scaffold228367	napA	Bacteria; Proteobacteria; Deltaproteobacteria; unclassified Deltaproteobacteria; Dissulfuribacter	Bacteria; Proteobacteria; Deltaproteobacteria; unclassified Deltaproteobacteria; Dissulfuribacter	1.94637	0.640513	0.0
scaffold22859	napA	Bacteria; Firmicutes; Clostridia; Clostridiales; Symbiobacteriaceae; Symbiobacterium; Symbiobacterium thermophilum	Bacteria; Firmicutes; Clostridia; Clostridiales; Symbiobacteriaceae	4.81546	0.994407	0.0
scaffold230468	napA	Bacteria; Firmicutes; Clostridia; Clostridiales; Symbiobacteriaceae; Symbiobacterium; Symbiobacterium thermophilum	Bacteria; Firmicutes; Clostridia; Clostridiales; Symbiobacteriaceae	0.996448	0.623778	0.0
scaffold233410	napA	Bacteria; Thermodesulfobacteria; Thermodesulfobacteria; Thermodesulfobacteriales; Thermodesulfobacteriaceae; Caldimicrobium	Bacteria; Thermodesulfobacteria; Thermodesulfobacteria; Thermodesulfobacteriales; Thermodesulfobacteriaceae	1.9017	0.951541	0.0
scaffold239413	napA	Bacteria	Bacteria	1.54074	0.444525	0.4375
scaffold24306	napA	Bacteria; Proteobacteria; Deltaproteobacteria	Bacteria; Proteobacteria; Deltaproteobacteria	12.4311	0.244386	0.21875
scaffold243259	napA	Bacteria; Proteobacteria; Gammaproteobacteria; unclassified Gammaproteobacteria; Candidatus Thioglobus	Bacteria; Proteobacteria; Gammaproteobacteria; unclassified Gammaproteobacteria; Candidatus Thioglobus	1.37883	1.0	0.0
scaffold24422	napA	Bacteria; Bacteroidetes	Bacteria; Bacteroidetes	2.49998	0.306444	0.16667
scaffold244346	napA	Bacteria; Firmicutes; Clostridia; Clostridiales; Symbiobacteriaceae; Symbiobacterium; Symbiobacterium thermophilum	Bacteria; Firmicutes; Clostridia; Clostridiales; Symbiobacteriaceae	2.27	0.99069	0.0
scaffold249020	napA	Bacteria; Planctomycetes; Planctomycetia; Planctomycetales; Planctomycetaceae; Rhodopirellula; Rhodopirellula maiorica	Bacteria; Planctomycetes; Planctomycetia; Planctomycetales; Planctomycetaceae	5.04995	0.686007	0.0
scaffold25016	napA	Bacteria; Firmicutes; Clostridia; Clostridiales; Symbiobacteriaceae; Symbiobacterium; Symbiobacterium thermophilum	Bacteria; Firmicutes; Clostridia; Clostridiales; Symbiobacteriaceae	3.50244	0.996958	0.0
scaffold252686	napA	Bacteria; Proteobacteria; Gammaproteobacteria; unclassified Gammaproteobacteria; Candidatus Thioglobus	Bacteria; Proteobacteria; Gammaproteobacteria; unclassified Gammaproteobacteria; Candidatus Thioglobus	0.831881	1.0	0.0
scaffold255979	napA	Bacteria; Proteobacteria; Gammaproteobacteria; unclassified Gammaproteobacteria; Candidatus Thioglobus	Bacteria; Proteobacteria; Gammaproteobacteria; unclassified Gammaproteobacteria; Candidatus Thioglobus	1.23788	1.0	0.0
scaffold256305	napA	Bacteria; Aquificae; Aquificae; Aquificales; Aquificales genera incertae sedis; Thermosulfidibacter; Thermosulfidibacter takaii	Bacteria; Aquificae; Aquificae; Aquificales; Aquificales genera incertae sedis	1.7476	0.248801	0.0
scaffold256596	napA	Bacteria; Firmicutes; Clostridia; Clostridiales; Symbiobacteriaceae; Symbiobacterium; Symbiobacterium thermophilum	Bacteria; Firmicutes; Clostridia; Clostridiales; Symbiobacteriaceae	1.27852	0.994083	0.0
scaffold258536	napA	Bacteria; Nitrospinae; Nitrospinia; Nitrospinales; Nitrospinaceae; Nitrospina	Bacteria; Nitrospinae; Nitrospinia; Nitrospinales; Nitrospinaceae	1.28278	0.674348	0.0
scaffold261804	napA	Bacteria; Firmicutes; Bacilli; Bacillales; Bacillaceae; Bacillus; Bacillus azotoformans	Bacteria; Firmicutes; Bacilli; Bacillales; Bacillaceae	1.54967	0.750005	0.0
scaffold262732	napA	Bacteria; Proteobacteria; Gammaproteobacteria; unclassified Gammaproteobacteria; Candidatus Thioglobus	Bacteria; Proteobacteria; Gammaproteobacteria; unclassified Gammaproteobacteria; Candidatus Thioglobus	0.777445	1.0	0.0
scaffold264018	napA	unclassified sequences; metagenomes; ecological metagenomes	unclassified sequences; metagenomes; ecological metagenomes	0.92553	0.300276	0.0
scaffold264648	napA	Bacteria; Firmicutes; Clostridia; Clostridiales; Symbiobacteriaceae; Symbiobacterium; Symbiobacterium thermophilum	Bacteria; Firmicutes; Clostridia; Clostridiales; Symbiobacteriaceae	1.78302	0.506979	0.0
scaffold266692	napA	Bacteria; Firmicutes; Clostridia; Clostridiales; Symbiobacteriaceae; Symbiobacterium; Symbiobacterium thermophilum	Bacteria; Firmicutes; Clostridia; Clostridiales; Symbiobacteriaceae	1.22998	0.999795	0.0
scaffold27260	napA	Bacteria; Proteobacteria; Deltaproteobacteria; Myxococcales; Cystobacterineae; Archangiaceae; Cystobacter; Cystobacter fuscus	Bacteria; Proteobacteria; Deltaproteobacteria; Myxococcales; Cystobacterineae	3.49352	0.999045	0.0
scaffold27294	napA	Bacteria; Acidobacteria; unclassified Acidobacteria; Acidobacteria subdivision 22	Bacteria; Acidobacteria; unclassified Acidobacteria; Acidobacteria subdivision 22	5.64965	0.730419	0.0
scaffold275659	napA	Bacteria; Firmicutes; Clostridia; Clostridiales; Symbiobacteriaceae; Symbiobacterium; Symbiobacterium thermophilum	Bacteria; Firmicutes; Clostridia; Clostridiales; Symbiobacteriaceae	3.27195	0.620014	0.0
scaffold27607	napA	Bacteria; Proteobacteria	Bacteria; Proteobacteria	1.63651	0.647149	0.20392
scaffold28119	napA	Bacteria; Deferribacteres; Deferribacteres; Deferribacterales; Deferribacteraceae	Bacteria; Deferribacteres; Deferribacteres; Deferribacterales; Deferribacteraceae	2.86345	0.841282	0.075
scaffold28162	napA	Bacteria	Bacteria	7.36485	0.306048	0.4375
scaffold28210	napA	Bacteria; Firmicutes; Negativicutes; Selenomonadales	Bacteria; Firmicutes; Negativicutes; Selenomonadales	4.64167	0.569928	0.09375
scaffold284017	napA	Bacteria; Firmicutes; Clostridia; Clostridiales; Symbiobacteriaceae; Symbiobacterium; Symbiobacterium thermophilum	Bacteria; Firmicutes; Clostridia; Clostridiales; Symbiobacteriaceae	2.32295	0.362375	0.0
scaffold287633	napA	Bacteria	Bacteria	2.65135	0.289171	0.42188
scaffold291699	napA	Bacteria; Firmicutes; Clostridia; Clostridiales; Symbiobacteriaceae; Symbiobacterium; Symbiobacterium thermophilum	Bacteria; Firmicutes; Clostridia; Clostridiales; Symbiobacteriaceae	1.29587	0.999977	0.0
scaffold29352	napA	Bacteria; Proteobacteria; Deltaproteobacteria; Myxococcales; Cystobacterineae; Archangiaceae; Cystobacter; Cystobacter fuscus	Bacteria; Proteobacteria; Deltaproteobacteria; Myxococcales; Cystobacterineae	2.98814	0.417095	0.0
scaffold294389	napA	Bacteria; Proteobacteria; Gammaproteobacteria; unclassified Gammaproteobacteria; Candidatus Thioglobus	Bacteria; Proteobacteria; Gammaproteobacteria; unclassified Gammaproteobacteria; Candidatus Thioglobus	4.13801	1.0	0.0
scaffold30315	napA	Bacteria; Bacteroidetes	Bacteria; Bacteroidetes	1.90903	0.570452	0.325
scaffold304717	napA	Bacteria; Proteobacteria; Deltaproteobacteria	Bacteria; Proteobacteria; Deltaproteobacteria	1.61103	0.298794	0.21875
scaffold315885	napA	Bacteria; Bacteroidetes	Bacteria; Bacteroidetes	1.43595	0.509551	0.325
scaffold316081	napA	Bacteria; Firmicutes; Clostridia; Clostridiales; Symbiobacteriaceae; Symbiobacterium; Symbiobacterium thermophilum	Bacteria; Firmicutes; Clostridia; Clostridiales; Symbiobacteriaceae	1.31287	0.999694	0.0
scaffold319793	napA	Bacteria; Firmicutes; Clostridia; Clostridiales; Symbiobacteriaceae; Symbiobacterium; Symbiobacterium thermophilum	Bacteria; Firmicutes; Clostridia; Clostridiales; Symbiobacteriaceae	0.950721	0.800355	0.0
scaffold32069	napA	Bacteria; Proteobacteria; Betaproteobacteria; Burkholderiales; Sutterellaceae; Sutterella; Sutterella parvirubra	Bacteria; Proteobacteria; Betaproteobacteria; Burkholderiales; Sutterellaceae	4.007	0.98091	0.0
scaffold324483	napA	Bacteria; Firmicutes; Clostridia; Clostridiales; Symbiobacteriaceae; Symbiobacterium; Symbiobacterium thermophilum	Bacteria; Firmicutes; Clostridia; Clostridiales; Symbiobacteriaceae	1.45771	0.999955	0.0
scaffold326928	napA	Bacteria; Deferribacteres; Deferribacteres; Deferribacterales; Deferribacteraceae	Bacteria; Deferribacteres; Deferribacteres; Deferribacterales; Deferribacteraceae	0.839335	0.231383	0.075
scaffold327134	napA	Bacteria; Proteobacteria; Deltaproteobacteria	Bacteria; Proteobacteria; Deltaproteobacteria	0.797368	0.602626	0.21875
scaffold331545	napA	Bacteria; Firmicutes; Clostridia; Clostridiales; Symbiobacteriaceae; Symbiobacterium; Symbiobacterium thermophilum	Bacteria; Firmicutes; Clostridia; Clostridiales; Symbiobacteriaceae	1.26869	0.99996	0.0
scaffold336443	napA	Bacteria; Proteobacteria; Betaproteobacteria; unclassified Betaproteobacteria; unclassified Betaproteobacteria 	Bacteria; Proteobacteria; Betaproteobacteria; unclassified Betaproteobacteria; unclassified Betaproteobacteria 	0.9802	0.640529	0.0
scaffold343079	napA	Bacteria; Firmicutes; Clostridia; Clostridiales; Symbiobacteriaceae; Symbiobacterium; Symbiobacterium thermophilum	Bacteria; Firmicutes; Clostridia; Clostridiales; Symbiobacteriaceae	0.733019	0.205151	0.0
scaffold345771	napA	Bacteria; Firmicutes; Clostridia; Clostridiales; Symbiobacteriaceae; Symbiobacterium; Symbiobacterium thermophilum	Bacteria; Firmicutes; Clostridia; Clostridiales; Symbiobacteriaceae	2.6406	0.999879	0.0
scaffold35208	napA	Bacteria; Firmicutes; Clostridia; Clostridiales; Symbiobacteriaceae; Symbiobacterium; Symbiobacterium thermophilum	Bacteria; Firmicutes; Clostridia; Clostridiales; Symbiobacteriaceae	2.84414	1.0	0.0
scaffold35297	napA	Bacteria	Bacteria	6.6075	0.351342	0.42188
scaffold35530	napA	Bacteria; Firmicutes; Clostridia; Clostridiales; Symbiobacteriaceae; Symbiobacterium; Symbiobacterium thermophilum	Bacteria; Firmicutes; Clostridia; Clostridiales; Symbiobacteriaceae	4.48533	0.681632	0.0
scaffold35973	napA	Bacteria; Firmicutes; Clostridia; Clostridiales; Symbiobacteriaceae; Symbiobacterium; Symbiobacterium thermophilum	Bacteria; Firmicutes; Clostridia; Clostridiales; Symbiobacteriaceae	4.42327	1.0	0.0
scaffold361921	napA	Bacteria; Proteobacteria; Deltaproteobacteria; unclassified Deltaproteobacteria; Dissulfuribacter	Bacteria; Proteobacteria; Deltaproteobacteria; unclassified Deltaproteobacteria; Dissulfuribacter	1.28574	0.221485	0.0
scaffold362264	napA	Bacteria; Nitrospinae; Nitrospinia; Nitrospinales; Nitrospinaceae; Nitrospina	Bacteria; Nitrospinae; Nitrospinia; Nitrospinales; Nitrospinaceae	0.709374	0.296852	0.0
scaffold366694	napA	unclassified sequences; metagenomes; ecological metagenomes	unclassified sequences; metagenomes; ecological metagenomes	0.893926	0.351031	0.0
scaffold369690	napA	Bacteria; Firmicutes; Clostridia; Clostridiales; Symbiobacteriaceae; Symbiobacterium; Symbiobacterium thermophilum	Bacteria; Firmicutes; Clostridia; Clostridiales; Symbiobacteriaceae	1.39124	0.841096	0.0
scaffold375996	napA	Bacteria; Firmicutes; Clostridia; Clostridiales; Symbiobacteriaceae; Symbiobacterium; Symbiobacterium thermophilum	Bacteria; Firmicutes; Clostridia; Clostridiales; Symbiobacteriaceae	1.44794	0.989993	0.0
scaffold377528	napA	Bacteria; Proteobacteria; Deltaproteobacteria; Desulfovibrionales; Desulfovibrionaceae	Bacteria; Proteobacteria; Deltaproteobacteria; Desulfovibrionales; Desulfovibrionaceae	1.17645	0.718603	0.01562
scaffold378769	napA	Bacteria; Actinobacteria; Coriobacteriia; Eggerthellales; Eggerthellaceae; Denitrobacterium	Bacteria; Actinobacteria; Coriobacteriia; Eggerthellales; Eggerthellaceae	2.22632	0.234957	0.0
scaffold382174	napA	Bacteria; Firmicutes; Clostridia; Clostridiales; Peptococcaceae; Desulfitobacterium	Bacteria; Firmicutes; Clostridia; Clostridiales; Peptococcaceae	1.28516	0.518765	0.0
scaffold382892	napA	Bacteria; Thermodesulfobacteria; Thermodesulfobacteria; Thermodesulfobacteriales; Thermodesulfobacteriaceae; Caldimicrobium	Bacteria; Thermodesulfobacteria; Thermodesulfobacteria; Thermodesulfobacteriales; Thermodesulfobacteriaceae	0.733019	0.705058	0.0
scaffold38343	napA	Bacteria; Firmicutes; Clostridia; Clostridiales; Symbiobacteriaceae; Symbiobacterium; Symbiobacterium thermophilum	Bacteria; Firmicutes; Clostridia; Clostridiales; Symbiobacteriaceae	3.00773	0.951791	0.0
scaffold39278	napA	Bacteria; Proteobacteria; Deltaproteobacteria; Myxococcales; Cystobacterineae; Archangiaceae; Cystobacter; Cystobacter fuscus	Bacteria; Proteobacteria; Deltaproteobacteria; Myxococcales; Cystobacterineae	7.99963	0.62772	0.0
scaffold39633	napA	Bacteria; Firmicutes; Clostridia; Clostridiales; Symbiobacteriaceae; Symbiobacterium; Symbiobacterium thermophilum	Bacteria; Firmicutes; Clostridia; Clostridiales; Symbiobacteriaceae	6.88617	0.960227	0.0
scaffold40430	napA	Bacteria; Firmicutes; Clostridia; Clostridiales; unclassified Clostridiales; unclassified Clostridiales 	Bacteria; Firmicutes; Clostridia; Clostridiales; unclassified Clostridiales	2.93513	0.864209	0.0
scaffold41169	napA	Bacteria; Proteobacteria; Deltaproteobacteria; Myxococcales; Cystobacterineae; Archangiaceae; Cystobacter; Cystobacter fuscus	Bacteria; Proteobacteria; Deltaproteobacteria; Myxococcales; Cystobacterineae	9.84584	0.636355	0.0
scaffold42692	napA	Bacteria; Firmicutes; Clostridia; Clostridiales; Symbiobacteriaceae; Symbiobacterium; Symbiobacterium thermophilum	Bacteria; Firmicutes; Clostridia; Clostridiales; Symbiobacteriaceae	2.86834	0.994257	0.0
scaffold43908	napA	Bacteria; Proteobacteria	Bacteria; Proteobacteria	1.44	0.895724	0.20392
scaffold45898	napA	Bacteria; unclassified Bacteria; Bacteria candidate phyla; candidate division NC10; Candidatus Methylomirabilis	Bacteria; unclassified Bacteria; Bacteria candidate phyla; candidate division NC10; Candidatus Methylomirabilis	1.38702	0.489078	0.0
scaffold46451	napA	Bacteria	Bacteria	1.84527	0.34041	0.4375
scaffold48194	napA	Bacteria; Firmicutes; Clostridia; Clostridiales; Symbiobacteriaceae; Symbiobacterium; Symbiobacterium thermophilum	Bacteria; Firmicutes; Clostridia; Clostridiales; Symbiobacteriaceae	1.84344	0.484937	0.0
scaffold50481	napA	Bacteria; Firmicutes; Clostridia; Clostridiales; Symbiobacteriaceae; Symbiobacterium; Symbiobacterium thermophilum	Bacteria; Firmicutes; Clostridia; Clostridiales; Symbiobacteriaceae	5.51793	0.407856	0.0
scaffold51003	napA	Bacteria; Firmicutes; Clostridia; Clostridiales; Symbiobacteriaceae; Symbiobacterium; Symbiobacterium thermophilum	Bacteria; Firmicutes; Clostridia; Clostridiales; Symbiobacteriaceae	1.74399	1.0	0.0
scaffold54165	napA	Bacteria; Deferribacteres; Deferribacteres; Deferribacterales; Deferribacteraceae	Bacteria; Deferribacteres; Deferribacteres; Deferribacterales; Deferribacteraceae	1.63578	0.872019	0.075
scaffold55023	napA	Bacteria	Bacteria	1.36722	0.558505	0.39062
scaffold56200	napA	Bacteria; Proteobacteria; Deltaproteobacteria; Myxococcales; Cystobacterineae; Archangiaceae; Cystobacter; Cystobacter fuscus	Bacteria; Proteobacteria; Deltaproteobacteria; Myxococcales; Cystobacterineae	1.73764	0.31628	0.0
scaffold59022	napA	Bacteria; Bacteroidetes; Cytophagia; Cytophagales; Flammeovirgaceae; Flammeovirga	Bacteria; Bacteroidetes; Cytophagia; Cytophagales; Flammeovirgaceae	1.43482	0.899632	0.0
scaffold59822	napA	Bacteria; Firmicutes; Clostridia; Clostridiales; Symbiobacteriaceae; Symbiobacterium; Symbiobacterium thermophilum	Bacteria; Firmicutes; Clostridia; Clostridiales; Symbiobacteriaceae	4.42252	0.696578	0.0
scaffold60056	napA	Bacteria; Proteobacteria; Deltaproteobacteria; Myxococcales; Cystobacterineae; Archangiaceae; Cystobacter; Cystobacter fuscus	Bacteria; Proteobacteria; Deltaproteobacteria; Myxococcales; Cystobacterineae	1.621	0.526499	0.0
scaffold61099	napA	unclassified sequences; metagenomes; ecological metagenomes	unclassified sequences; metagenomes; ecological metagenomes	1.4382	0.32533	0.0
scaffold62570	napA	Bacteria; Firmicutes; Clostridia; Clostridiales; Symbiobacteriaceae; Symbiobacterium; Symbiobacterium thermophilum	Bacteria; Firmicutes; Clostridia; Clostridiales; Symbiobacteriaceae	3.31429	0.965405	0.0
scaffold64418	napA	Bacteria; Firmicutes; Clostridia; Clostridiales; Symbiobacteriaceae; Symbiobacterium; Symbiobacterium thermophilum	Bacteria; Firmicutes; Clostridia; Clostridiales; Symbiobacteriaceae	2.37216	1.0	0.0
scaffold64707	napA	Bacteria	Bacteria	6.57467	0.507913	0.42188
scaffold65798	napA	Bacteria; Aquificae; Aquificae; Aquificales; Aquificales genera incertae sedis; Thermosulfidibacter; Thermosulfidibacter takaii	Bacteria; Aquificae; Aquificae; Aquificales; Aquificales genera incertae sedis	1.13688	0.41357	0.0
scaffold67650	napA	Bacteria; Firmicutes; Clostridia; Clostridiales; Symbiobacteriaceae; Symbiobacterium; Symbiobacterium thermophilum	Bacteria; Firmicutes; Clostridia; Clostridiales; Symbiobacteriaceae	4.04044	0.696578	0.0
scaffold68191	napA	Bacteria; Thermodesulfobacteria; Thermodesulfobacteria; Thermodesulfobacteriales; Thermodesulfobacteriaceae; Caldimicrobium	Bacteria; Thermodesulfobacteria; Thermodesulfobacteria; Thermodesulfobacteriales; Thermodesulfobacteriaceae	6.07153	0.991069	0.0
scaffold71373	napA	Bacteria; Proteobacteria; Deltaproteobacteria	Bacteria; Proteobacteria; Deltaproteobacteria	4.95731	0.221373	0.21875
scaffold78568	napA	Bacteria	Bacteria	10.5584	0.54322	0.4375
scaffold86327	napA	Bacteria	Bacteria	1.00308	0.696862	0.39062
scaffold87734	napA	Bacteria; Proteobacteria; Deltaproteobacteria	Bacteria; Proteobacteria; Deltaproteobacteria	1.87154	0.492519	0.21875
scaffold92732	napA	Bacteria; Firmicutes; Clostridia; Clostridiales; Symbiobacteriaceae; Symbiobacterium; Symbiobacterium thermophilum	Bacteria; Firmicutes; Clostridia; Clostridiales; Symbiobacteriaceae	2.27976	0.414995	0.0
scaffold95523	napA	Bacteria; Firmicutes; Clostridia; Clostridiales; Symbiobacteriaceae; Symbiobacterium; Symbiobacterium thermophilum	Bacteria; Firmicutes; Clostridia; Clostridiales; Symbiobacteriaceae	2.03464	1.0	0.0
scaffold96054	napA	Bacteria	Bacteria	1.50592	0.442433	0.39062
scaffold96500	napA	Bacteria; Proteobacteria; Deltaproteobacteria	Bacteria; Proteobacteria; Deltaproteobacteria	3.10018	0.653089	0.21875
scaffold97598	napA	Bacteria; Proteobacteria; Deltaproteobacteria; Myxococcales; Cystobacterineae; Archangiaceae; Cystobacter; Cystobacter fuscus	Bacteria; Proteobacteria; Deltaproteobacteria; Myxococcales; Cystobacterineae	1.52018	0.987439	0.0
scaffold98340	napA	Bacteria; Firmicutes; Clostridia; Clostridiales; Symbiobacteriaceae; Symbiobacterium; Symbiobacterium thermophilum	Bacteria; Firmicutes; Clostridia; Clostridiales; Symbiobacteriaceae	3.92988	0.998371	0.0
scaffold99718	napA	Bacteria; Deferribacteres; Deferribacteres; Deferribacterales; Deferribacteraceae	Bacteria; Deferribacteres; Deferribacteres; Deferribacterales; Deferribacteraceae	1.15851	0.800853	0.075
scaffold02477	nirS	Bacteria; Proteobacteria; Deltaproteobacteria; unclassified Deltaproteobacteria; unclassified Deltaproteobacteria 	Bacteria; Proteobacteria; Deltaproteobacteria; unclassified Deltaproteobacteria; unclassified Deltaproteobacteria 	2.99628	0.841029	0.0
scaffold07811	nirS	Bacteria; Proteobacteria; Gammaproteobacteria; Alteromonadales; Colwelliaceae	Bacteria; Proteobacteria; Gammaproteobacteria; Alteromonadales; Colwelliaceae	4.83689	0.724345	0.05
scaffold09102	nirS	Bacteria	Bacteria	5.38403	1.0	0.1875
scaffold135243	nirS	Bacteria; Proteobacteria; Gammaproteobacteria; Alteromonadales; Colwelliaceae	Bacteria; Proteobacteria; Gammaproteobacteria; Alteromonadales; Colwelliaceae	3.38705	0.999972	0.05
scaffold135432	nirS	Bacteria; Proteobacteria; Gammaproteobacteria; Alteromonadales; Colwelliaceae	Bacteria; Proteobacteria; Gammaproteobacteria; Alteromonadales; Colwelliaceae	2.57821	0.999978	0.05
scaffold193173	nirS	Bacteria; Proteobacteria; Gammaproteobacteria; Oceanospirillales; Oleiphilaceae; Oleiphilus	Bacteria; Proteobacteria; Gammaproteobacteria; Oceanospirillales; Oleiphilaceae; Oleiphilus	0.993925	0.905778	0.0
scaffold273586	nirS	Bacteria; Proteobacteria; Alphaproteobacteria; Rhodobacterales; Rhodobacteraceae; Aliiroseovarius	Bacteria; Proteobacteria; Alphaproteobacteria; Rhodobacterales; Rhodobacteraceae; Aliiroseovarius	2.83384	0.813975	0.0
scaffold84767	nirS	Bacteria; Proteobacteria; Gammaproteobacteria; unclassified Gammaproteobacteria	Bacteria; Proteobacteria; Gammaproteobacteria; unclassified Gammaproteobacteria	2.19524	0.556727	0.01562
scaffold84774	nirS	Bacteria; Proteobacteria; Gammaproteobacteria; unclassified Gammaproteobacteria	Bacteria; Proteobacteria; Gammaproteobacteria; unclassified Gammaproteobacteria	2.38613	0.847539	0.01562
scaffold00016	nirK	Bacteria; Proteobacteria; Gammaproteobacteria; Oceanospirillales; Kangiellaceae; Kangiella; Kangiella koreensis	Bacteria; Proteobacteria; Gammaproteobacteria; Oceanospirillales; Kangiellaceae; Kangiella	3.12392	0.999995	0.0
scaffold00747	nirK	Bacteria; Proteobacteria; Betaproteobacteria	Bacteria; Proteobacteria; Betaproteobacteria	7.84459	0.998866	0.225
scaffold01113	nirK	Bacteria; Proteobacteria; Betaproteobacteria; Nitrosomonadales; Nitrosomonadaceae; Nitrosomonas	Bacteria; Proteobacteria; Betaproteobacteria; Nitrosomonadales; Nitrosomonadaceae; Nitrosomonas	7.44563	1.0	0.00781
scaffold01225	nirK	Bacteria; Proteobacteria	Bacteria; Proteobacteria	64.7957	0.642155	0.3365
scaffold01424	nirK	Bacteria; Proteobacteria	Bacteria; Proteobacteria	7.89189	0.99963	0.3365
scaffold02296	nirK	Bacteria; Proteobacteria; Gammaproteobacteria; Chromatiales; Chromatiaceae; Nitrosococcus	Bacteria; Proteobacteria; Gammaproteobacteria; Chromatiales; Chromatiaceae; Nitrosococcus	14.068	1.0	0.0
scaffold02907	nirK	Bacteria; Proteobacteria; Betaproteobacteria	Bacteria; Proteobacteria; Betaproteobacteria	4.68159	0.63942	0.26359
scaffold03664	nirK	Bacteria; Proteobacteria	Bacteria; Proteobacteria	10.3149	0.928731	0.36875
scaffold04223	nirK	Bacteria; Proteobacteria; Gammaproteobacteria; Chromatiales; Chromatiaceae; Nitrosococcus	Bacteria; Proteobacteria; Gammaproteobacteria; Chromatiales; Chromatiaceae; Nitrosococcus	28.7246	1.0	0.0
scaffold07212	nirK	Bacteria; Proteobacteria	Bacteria; Proteobacteria	68.8161	0.965898	0.3365
scaffold09278	nirK	Bacteria; Proteobacteria; Alphaproteobacteria; Rhizobiales	Bacteria; Proteobacteria; Alphaproteobacteria; Rhizobiales	6.98438	0.454305	0.10011
scaffold09593	nirK	Bacteria; Proteobacteria; Alphaproteobacteria; Rhizobiales	Bacteria; Proteobacteria; Alphaproteobacteria; Rhizobiales	14.2071	0.731961	0.10011
scaffold106876	nirK	Bacteria; Proteobacteria; Betaproteobacteria	Bacteria; Proteobacteria; Betaproteobacteria	14.1399	0.380718	0.225
scaffold111472	nirK	Bacteria; Bacteroidetes; Flavobacteriia; Flavobacteriales; Flavobacteriaceae; Maribacter	Bacteria; Bacteroidetes; Flavobacteriia; Flavobacteriales; Flavobacteriaceae; Maribacter	2.57385	0.99908	0.0
scaffold113362	nirK	Bacteria; Proteobacteria; Alphaproteobacteria; Rhodobacterales; Rhodobacteraceae	Bacteria; Proteobacteria; Alphaproteobacteria; Rhodobacterales; Rhodobacteraceae	1.59352	0.400519	0.0625
scaffold11504	nirK	Bacteria; Proteobacteria	Bacteria; Proteobacteria	15.0568	0.888533	0.3365
scaffold11606	nirK	Bacteria; Proteobacteria; Alphaproteobacteria; Rhodobacterales; Rhodobacteraceae	Bacteria; Proteobacteria; Alphaproteobacteria; Rhodobacterales; Rhodobacteraceae	31.9177	0.976338	0.0625
scaffold117132	nirK	Bacteria; Proteobacteria; Betaproteobacteria; Neisseriales; Neisseriaceae; Kingella; Kingella oralis	Bacteria; Proteobacteria; Betaproteobacteria; Neisseriales; Neisseriaceae; Kingella	17.7133	0.568935	0.0
scaffold125938	nirK	Bacteria; Proteobacteria; Betaproteobacteria	Bacteria; Proteobacteria; Betaproteobacteria	3.24531	0.280613	0.26359
scaffold134436	nirK	Bacteria; Proteobacteria; Alphaproteobacteria; Rhodobacterales; Rhodobacteraceae; Maritimibacter; Maritimibacter alkaliphilus	Bacteria; Proteobacteria; Alphaproteobacteria; Rhodobacterales; Rhodobacteraceae; Maritimibacter	1.30836	0.994718	0.0
scaffold152294	nirK	Bacteria; Proteobacteria; Alphaproteobacteria; Rhodobacterales; Rhodobacteraceae; Rhodobacter	Bacteria; Proteobacteria; Alphaproteobacteria; Rhodobacterales; Rhodobacteraceae; Rhodobacter	1.29994	0.519942	0.01172
scaffold18019	nirK	Bacteria; Proteobacteria; Gammaproteobacteria; Chromatiales; Chromatiaceae; Nitrosococcus	Bacteria; Proteobacteria; Gammaproteobacteria; Chromatiales; Chromatiaceae; Nitrosococcus	6.03874	1.0	0.0
scaffold180966	nirK	Bacteria; Proteobacteria; Alphaproteobacteria; Rhizobiales	Bacteria; Proteobacteria; Alphaproteobacteria; Rhizobiales	8.09708	0.388971	0.10052
scaffold18368	nirK	Bacteria; Proteobacteria; Alphaproteobacteria; Rhodobacterales; Rhodobacteraceae	Bacteria; Proteobacteria; Alphaproteobacteria; Rhodobacterales; Rhodobacteraceae	8.42819	0.334037	0.0625
scaffold206524	nirK	Bacteria; Bacteroidetes; Flavobacteriia; Flavobacteriales; Flavobacteriaceae; Maribacter	Bacteria; Bacteroidetes; Flavobacteriia; Flavobacteriales; Flavobacteriaceae; Maribacter	1.19304	1.0	0.0
scaffold212571	nirK	Bacteria; Bacteroidetes; Flavobacteriia; Flavobacteriales; Flavobacteriaceae	Bacteria; Bacteroidetes; Flavobacteriia; Flavobacteriales; Flavobacteriaceae	3.18371	0.306491	0.05208
scaffold215700	nirK	Bacteria; Bacteroidetes; Flavobacteriia; Flavobacteriales; Flavobacteriaceae; unclassified Flavobacteriaceae	Bacteria; Bacteroidetes; Flavobacteriia; Flavobacteriales; Flavobacteriaceae; unclassified Flavobacteriaceae	3.40095	0.677238	0.0
scaffold21802	nirK	Bacteria; Proteobacteria; Gammaproteobacteria; Alteromonadales; Shewanellaceae; Shewanella	Bacteria; Proteobacteria; Gammaproteobacteria; Alteromonadales; Shewanellaceae; Shewanella	8.80479	0.949756	0.01953
scaffold227582	nirK	Bacteria; Proteobacteria; Gammaproteobacteria; Pseudomonadales; Pseudomonadaceae; Pseudomonas; Pseudomonas entomophila	Bacteria; Proteobacteria; Gammaproteobacteria; Pseudomonadales; Pseudomonadaceae; Pseudomonas	1.05528	0.656492	0.0
scaffold22877	nirK	Bacteria; Proteobacteria; Gammaproteobacteria; Alteromonadales; Shewanellaceae; Shewanella	Bacteria; Proteobacteria; Gammaproteobacteria; Alteromonadales; Shewanellaceae; Shewanella	3.82572	0.965996	0.01953
scaffold239419	nirK	Bacteria; Bacteroidetes; Flavobacteriia; Flavobacteriales; Flavobacteriaceae; unclassified Flavobacteriaceae	Bacteria; Bacteroidetes; Flavobacteriia; Flavobacteriales; Flavobacteriaceae; unclassified Flavobacteriaceae	2.87138	0.611302	0.0
scaffold245254	nirK	Bacteria; Proteobacteria; Betaproteobacteria; Nitrosomonadales; Nitrosomonadaceae; Nitrosomonas	Bacteria; Proteobacteria; Betaproteobacteria; Nitrosomonadales; Nitrosomonadaceae; Nitrosomonas	0.711669	0.999224	0.00781
scaffold246069	nirK	Bacteria; Spirochaetes; Spirochaetia; Leptospirales; Leptospiraceae; Turneriella; Turneriella parva	Bacteria; Spirochaetes; Spirochaetia; Leptospirales; Leptospiraceae; Turneriella	2.52643	0.85178	0.0
scaffold252853	nirK	Bacteria; Proteobacteria; Gammaproteobacteria; Xanthomonadales; Xanthomonadaceae; Pseudoxanthomonas; Pseudoxanthomonas suwonensis	Bacteria; Proteobacteria; Gammaproteobacteria; Xanthomonadales; Xanthomonadaceae; Pseudoxanthomonas	1.77227	0.385919	0.0
scaffold291803	nirK	Bacteria; Proteobacteria; Gammaproteobacteria; Chromatiales; Chromatiaceae; Nitrosococcus	Bacteria; Proteobacteria; Gammaproteobacteria; Chromatiales; Chromatiaceae; Nitrosococcus	1.09953	0.786863	0.0
scaffold298673	nirK	Bacteria; Spirochaetes; Spirochaetia; Leptospirales; Leptospiraceae; Turneriella; Turneriella parva	Bacteria; Spirochaetes; Spirochaetia; Leptospirales; Leptospiraceae; Turneriella	3.10736	0.733403	0.0
scaffold30399	nirK	Bacteria; Proteobacteria; Betaproteobacteria	Bacteria; Proteobacteria; Betaproteobacteria	2.30947	0.349747	0.225
scaffold333442	nirK	Bacteria; Proteobacteria	Bacteria; Proteobacteria	2.07219	0.429378	0.36875
scaffold354563	nirK	Bacteria; Bacteroidetes; Flavobacteriia; Flavobacteriales; Flavobacteriaceae; Maribacter	Bacteria; Bacteroidetes; Flavobacteriia; Flavobacteriales; Flavobacteriaceae; Maribacter	1.05134	0.999984	0.0
scaffold361348	nirK	Bacteria; Proteobacteria; Betaproteobacteria; Nitrosomonadales; Nitrosomonadaceae; Nitrosomonas	Bacteria; Proteobacteria; Betaproteobacteria; Nitrosomonadales; Nitrosomonadaceae; Nitrosomonas	1.01972	0.866792	0.00781
scaffold361939	nirK	Bacteria; Proteobacteria; Gammaproteobacteria; Alteromonadales; Shewanellaceae; Shewanella; Shewanella loihica	Bacteria; Proteobacteria; Gammaproteobacteria; Alteromonadales; Shewanellaceae; Shewanella	1.64043	0.814936	0.0
scaffold370433	nirK	Bacteria; Proteobacteria; Alphaproteobacteria; Rhodobacterales; Rhodobacteraceae	Bacteria; Proteobacteria; Alphaproteobacteria; Rhodobacterales; Rhodobacteraceae	4.30836	0.581354	0.0625
scaffold381549	nirK	Bacteria; Proteobacteria; Gammaproteobacteria; Alteromonadales; Shewanellaceae; Shewanella	Bacteria; Proteobacteria; Gammaproteobacteria; Alteromonadales; Shewanellaceae; Shewanella	3.4187	0.550607	0.01953
scaffold385085	nirK	Bacteria; Proteobacteria; Gammaproteobacteria; Chromatiales; Chromatiaceae; Nitrosococcus	Bacteria; Proteobacteria; Gammaproteobacteria; Chromatiales; Chromatiaceae; Nitrosococcus	3.39158	0.647207	0.0
scaffold43135	nirK	Bacteria; Proteobacteria	Bacteria; Proteobacteria	6.5683	0.371931	0.36875
scaffold51657	nirK	Bacteria; Proteobacteria; Gammaproteobacteria; Chromatiales; Chromatiaceae; Nitrosococcus	Bacteria; Proteobacteria; Gammaproteobacteria; Chromatiales; Chromatiaceae; Nitrosococcus	4.76921	0.997765	0.0
scaffold53024	nirK	Bacteria; Proteobacteria; Alphaproteobacteria; Rhodobacterales; Rhodobacteraceae	Bacteria; Proteobacteria; Alphaproteobacteria; Rhodobacterales; Rhodobacteraceae	5.49064	0.985265	0.0625
scaffold96536	nirK	Bacteria; Bacteroidetes; Flavobacteriia; Flavobacteriales; Flavobacteriaceae; unclassified Flavobacteriaceae	Bacteria; Bacteroidetes; Flavobacteriia; Flavobacteriales; Flavobacteriaceae; unclassified Flavobacteriaceae	4.87761	0.479129	0.0
scaffold99469	nirK	Bacteria; Spirochaetes; Spirochaetia; Leptospirales; Leptospiraceae; Turneriella; Turneriella parva	Bacteria; Spirochaetes; Spirochaetia; Leptospirales; Leptospiraceae; Turneriella	2.73829	0.975802	0.0
scaffold00004	nosZ	SAR324; SAR324	SAR324; SAR324	9.77824	1.0	0.0
scaffold00026	nosZ	Bacteria; Bacteroidetes; Bacteroidetes Order II. Incertae sedis; Rhodothermaceae; Rhodothermus; DSM	Bacteria; Bacteroidetes; Bacteroidetes Order II. Incertae sedis; Rhodothermaceae; Rhodothermus; DSM	5.93556	0.999148	0.0
scaffold00052	nosZ	SHBH1141; SHBH1141	SHBH1141; SHBH1141	3.89577	1.0	0.0
scaffold00099	nosZ	Bacteria; Bacteroidetes; Flavobacteriia; Flavobacteriales; Flavobacteriaceae; Cellulophaga; DSM	Bacteria; Bacteroidetes; Flavobacteriia; Flavobacteriales; Flavobacteriaceae; Cellulophaga	5.59121	0.999977	0.0
scaffold00341	nosZ	GAMMA; GAMMA	GAMMA; GAMMA	4.1714	1.0	0.0
scaffold00617	nosZ	Bacteria; Bacteroidetes; Flavobacteriia; Flavobacteriales; Flavobacteriaceae; Maribacter; sp.	Bacteria; Bacteroidetes; Flavobacteriia; Flavobacteriales; Flavobacteriaceae; Maribacter	15.2479	0.994404	0.0
scaffold05536	nosZ	EPSILON; EPSILON	EPSILON; EPSILON	2.43467	1.0	0.0
scaffold09216	nosZ	SUP05; SUP05	SUP05; SUP05	5.1988	1.0	0.0
scaffold103647	nosZ	ZA3312c; ZA3312c	ZA3312c; ZA3312c	2.71648	0.735657	0.0
scaffold115418	nosZ	SUP05; SUP05	SUP05; SUP05	5.79668	1.0	0.0
scaffold186807	nosZ	Bacteria; Bacteroidetes; Flavobacteriia; Flavobacteriales; Flavobacteriaceae; Maribacter; sp.	Bacteria; Bacteroidetes; Flavobacteriia; Flavobacteriales; Flavobacteriaceae; Maribacter	1.12694	0.998623	0.0
scaffold195221	nosZ	Bacteria; Bacteroidetes; Flavobacteriia; Flavobacteriales; Flavobacteriaceae	Bacteria; Bacteroidetes; Flavobacteriia; Flavobacteriales; Flavobacteriaceae	1.53059	0.252509	0.075
scaffold20851	nosZ	Bacteria; Bacteroidetes; Flavobacteriia; Flavobacteriales; Flavobacteriaceae; Maribacter; sp.	Bacteria; Bacteroidetes; Flavobacteriia; Flavobacteriales; Flavobacteriaceae; Maribacter	5.53917	0.974097	0.0
scaffold22648	nosZ	Bacteria; Bacteroidetes; Flavobacteriia; Flavobacteriales; Flavobacteriaceae; Maribacter; sp.	Bacteria; Bacteroidetes; Flavobacteriia; Flavobacteriales; Flavobacteriaceae; Maribacter	4.16211	0.941961	0.0
scaffold24810	nosZ	SAR324; SAR324	SAR324; SAR324	4.45438	0.997096	0.0
scaffold272059	nosZ	Bacteria; Bacteroidetes; Flavobacteriia; Flavobacteriales; Flavobacteriaceae; Maribacter; sp.	Bacteria; Bacteroidetes; Flavobacteriia; Flavobacteriales; Flavobacteriaceae; Maribacter	1.092	0.576216	0.0
scaffold31405	nosZ	EPSILON; EPSILON	EPSILON; EPSILON	4.36036	1.0	0.0
scaffold32131	nosZ	Bacteria; Bacteroidetes; Flavobacteriia; Flavobacteriales; Flavobacteriaceae; Maribacter; sp.	Bacteria; Bacteroidetes; Flavobacteriia; Flavobacteriales; Flavobacteriaceae; Maribacter	1.06592	0.991007	0.0
scaffold32303	nosZ	Bacteria; Bacteroidetes; Flavobacteriia; Flavobacteriales; Flavobacteriaceae; Maribacter; sp.	Bacteria; Bacteroidetes; Flavobacteriia; Flavobacteriales; Flavobacteriaceae; Maribacter	1.64929	0.999996	0.0
scaffold327574	nosZ	Bacteria; Bacteroidetes; Flavobacteriia; Flavobacteriales; Flavobacteriaceae	Bacteria; Bacteroidetes; Flavobacteriia; Flavobacteriales; Flavobacteriaceae	2.43407	0.323636	0.075
scaffold365225	nosZ	Bacteria; Ignavibacteriae; Ignavibacteria; Ignavibacteriales; Ignavibacteriaceae; Ignavibacterium; JCM	Bacteria; Ignavibacteriae; Ignavibacteria; Ignavibacteriales; Ignavibacteriaceae; Ignavibacterium	2.35931	0.396286	0.0
scaffold37129	nosZ	EPSILON; EPSILON	EPSILON; EPSILON	2.90989	1.0	0.0
scaffold51542	nosZ	SUP05; SUP05	SUP05; SUP05	3.70628	1.0	0.0
scaffold63680	nosZ	SAR324; SAR324	SAR324; SAR324	2.08148	1.0	0.0
scaffold86843	nosZ	SAR324; SAR324	SAR324; SAR324	1.21955	1.0	0.0
scaffold90396	nosZ	SAR324; SAR324	SAR324; SAR324	6.62103	1.0	0.0
scaffold25789	narG	Bacteria; Actinobacteria; Actinobacteria; Micrococcales; Micrococcaceae; Kocuria	Bacteria; Actinobacteria; Actinobacteria; Micrococcales; Micrococcaceae	2.1151	0.21938	0.0
scaffold265050	narG	Bacteria; unclassified Bacteria; Bacteria candidate phyla; Candidatus Saccharibacteria; unclassified Saccharibacteria	Bacteria; unclassified Bacteria; Bacteria candidate phyla; Candidatus Saccharibacteria; unclassified Saccharibacteria	0.928656	0.997971	0.0
scaffold267435	narG	Bacteria; unclassified Bacteria; Bacteria candidate phyla; Candidatus Acetothermia; Candidatus Acetothermum	Bacteria; unclassified Bacteria; Bacteria candidate phyla; Candidatus Acetothermia; Candidatus Acetothermum	0.822777	0.991829	0.06641
scaffold268497	narG	Bacteria; Proteobacteria	Bacteria; Proteobacteria	1.38376	0.971599	0.09375
scaffold274818	narG	Bacteria; Proteobacteria; Gammaproteobacteria; unclassified Gammaproteobacteria; Candidatus Thioglobus; environmental samples	Bacteria; Proteobacteria; Gammaproteobacteria; unclassified Gammaproteobacteria; Candidatus Thioglobus	2.91944	1.0	0.0
scaffold275350	narG	Bacteria; Proteobacteria; Alphaproteobacteria; Rhodospirillales; Rhodospirillaceae; Thalassospira; Thalassospira tepidiphila	Bacteria; Proteobacteria; Alphaproteobacteria; Rhodospirillales; Rhodospirillaceae	0.875058	0.999947	0.0
scaffold285786	narG	Bacteria; Proteobacteria; Alphaproteobacteria; Pelagibacterales; environmental samples	Bacteria; Proteobacteria; Alphaproteobacteria; Pelagibacterales; environmental samples	1.28214	0.645632	0.0
scaffold288007	narG	Bacteria; Chlorobi; unclassified Chlorobi	Bacteria; Chlorobi; unclassified Chlorobi	0.701827	0.975097	0.0
scaffold28828	narG	Bacteria; Proteobacteria; Gammaproteobacteria	Bacteria; Proteobacteria; Gammaproteobacteria	1.78254	0.941105	0.09375
scaffold29032	narG	Bacteria; Candidatus Omnitrophica; unclassified Candidatus Omnitrophica	Bacteria; Candidatus Omnitrophica; unclassified Candidatus Omnitrophica	2.44044	1.0	0.0
scaffold29571	narG	Bacteria; Proteobacteria; Alphaproteobacteria; Pelagibacterales; environmental samples	Bacteria; Proteobacteria; Alphaproteobacteria; Pelagibacterales; environmental samples	2.95127	1.0	0.0
scaffold296825	narG	Bacteria; Proteobacteria; Gammaproteobacteria; unclassified Gammaproteobacteria; unclassified Gammaproteobacteria 	Bacteria; Proteobacteria; Gammaproteobacteria; unclassified Gammaproteobacteria; unclassified Gammaproteobacteria 	1.78624	0.953356	0.0
scaffold299689	narG	Bacteria; unclassified Bacteria; Bacteria candidate phyla; Candidatus Saccharibacteria; unclassified Saccharibacteria	Bacteria; unclassified Bacteria; Bacteria candidate phyla; Candidatus Saccharibacteria; unclassified Saccharibacteria	1.95206	0.343671	0.0
scaffold301089	narG	Bacteria; Proteobacteria; Deltaproteobacteria	Bacteria; Proteobacteria; Deltaproteobacteria	0.959589	0.236747	0.15104
scaffold307098	narG	Bacteria; unclassified Bacteria; Bacteria candidate phyla; Candidatus Saccharibacteria; unclassified Saccharibacteria	Bacteria; unclassified Bacteria; Bacteria candidate phyla; Candidatus Saccharibacteria; unclassified Saccharibacteria	1.0106	0.790736	0.0
scaffold307134	narG	Bacteria; unclassified Bacteria; Bacteria candidate phyla; Candidatus Saccharibacteria; unclassified Saccharibacteria	Bacteria; unclassified Bacteria; Bacteria candidate phyla; Candidatus Saccharibacteria; unclassified Saccharibacteria	0.485086	0.980271	0.0
scaffold311920	narG	Bacteria; Proteobacteria; Alphaproteobacteria; Pelagibacterales; environmental samples	Bacteria; Proteobacteria; Alphaproteobacteria; Pelagibacterales; environmental samples	3.3926	0.863406	0.0
scaffold314915	narG	Bacteria; unclassified Bacteria; Bacteria candidate phyla; Candidatus Saccharibacteria; unclassified Saccharibacteria	Bacteria; unclassified Bacteria; Bacteria candidate phyla; Candidatus Saccharibacteria; unclassified Saccharibacteria	0.861571	0.989329	0.0
scaffold316421	narG	Bacteria; Chlorobi; unclassified Chlorobi	Bacteria; Chlorobi; unclassified Chlorobi	0.864798	0.766892	0.0
scaffold318595	narG	Bacteria; Proteobacteria; Gammaproteobacteria; unclassified Gammaproteobacteria; sulfur-oxidizing symbionts; Calyptogena okutanii thioautotrophic gill symbiont	Bacteria; Proteobacteria; Gammaproteobacteria; unclassified Gammaproteobacteria; sulfur-oxidizing symbionts	1.11606	0.958833	0.0
scaffold327978	narG	Bacteria; unclassified Bacteria; Bacteria candidate phyla; Candidatus Saccharibacteria; unclassified Saccharibacteria	Bacteria; unclassified Bacteria; Bacteria candidate phyla; Candidatus Saccharibacteria; unclassified Saccharibacteria	0.923269	0.766206	0.0
scaffold328160	narG	Bacteria; Deferribacteres; Deferribacteres; Deferribacterales; Deferribacteraceae	Bacteria; Deferribacteres; Deferribacteres; Deferribacterales; Deferribacteraceae	1.0072	0.828089	0.03125
scaffold328447	narG	Bacteria; Proteobacteria; Betaproteobacteria; Burkholderiales; unclassified Burkholderiales; Burkholderiales Genera incertae sedis; Thiomonas	Bacteria; Proteobacteria; Betaproteobacteria; Burkholderiales; unclassified Burkholderiales	0.923269	0.556946	0.0
scaffold340578	narG	unclassified sequences; metagenomes; ecological metagenomes	unclassified sequences; metagenomes; ecological metagenomes	0.859007	0.859032	0.0
scaffold34236	narG	Archaea; Euryarchaeota; Halobacteria	Archaea; Euryarchaeota; Halobacteria	2.12845	0.999705	0.125
scaffold344230	narG	Bacteria; Proteobacteria	Bacteria; Proteobacteria	1.07797	0.794888	0.09375
scaffold346239	narG	Bacteria; Proteobacteria; Alphaproteobacteria; Sphingomonadales; unclassified Sphingomonadales	Bacteria; Proteobacteria; Alphaproteobacteria; Sphingomonadales; unclassified Sphingomonadales	0.952348	0.999782	0.0
scaffold346700	narG	Bacteria; Proteobacteria	Bacteria; Proteobacteria	0.909059	0.835979	0.09375
scaffold351630	narG	Bacteria; unclassified Bacteria; Bacteria candidate phyla; Candidatus Acetothermia; Candidatus Acetothermum	Bacteria; unclassified Bacteria; Bacteria candidate phyla; Candidatus Acetothermia; Candidatus Acetothermum	1.39623	0.999914	0.06641
scaffold360447	narG	Bacteria; Proteobacteria; Gammaproteobacteria; unclassified Gammaproteobacteria; Candidatus Thioglobus; environmental samples	Bacteria; Proteobacteria; Gammaproteobacteria; unclassified Gammaproteobacteria; Candidatus Thioglobus	1.50136	1.0	0.0
scaffold362908	narG	Bacteria; Proteobacteria; Betaproteobacteria; Burkholderiales; unclassified Burkholderiales; Burkholderiales Genera incertae sedis; Thiomonas	Bacteria; Proteobacteria; Betaproteobacteria; Burkholderiales; unclassified Burkholderiales	0.886717	0.49933	0.25391
scaffold369166	narG	Bacteria; unclassified Bacteria; Bacteria candidate phyla; Candidatus Acetothermia; Candidatus Acetothermum	Bacteria; unclassified Bacteria; Bacteria candidate phyla; Candidatus Acetothermia; Candidatus Acetothermum	0.762938	0.984104	0.06641
scaffold369854	narG	Bacteria; Proteobacteria; Gammaproteobacteria; unclassified Gammaproteobacteria; Candidatus Thioglobus; environmental samples	Bacteria; Proteobacteria; Gammaproteobacteria; unclassified Gammaproteobacteria; Candidatus Thioglobus	0.583424	0.999854	0.0
scaffold370785	narG	Bacteria; Chlorobi; unclassified Chlorobi	Bacteria; Chlorobi; unclassified Chlorobi	0.762938	0.999949	0.0
scaffold374237	narG	Bacteria; Proteobacteria; Betaproteobacteria; Burkholderiales; Comamonadaceae; Acidovorax; Acidovorax avenae; Acidovorax avenae subsp. avenae	Bacteria; Proteobacteria; Betaproteobacteria; Burkholderiales; Comamonadaceae	0.67594	0.960343	0.0
scaffold380515	narG	Bacteria; unclassified Bacteria; Bacteria candidate phyla; Candidatus Saccharibacteria; unclassified Saccharibacteria	Bacteria; unclassified Bacteria; Bacteria candidate phyla; Candidatus Saccharibacteria; unclassified Saccharibacteria	1.22675	0.637873	0.0
scaffold42225	narG	Bacteria; Proteobacteria; Alphaproteobacteria; Pelagibacterales; environmental samples	Bacteria; Proteobacteria; Alphaproteobacteria; Pelagibacterales; environmental samples	2.12086	1.0	0.0
scaffold45415	narG	Bacteria; unclassified Bacteria; Bacteria candidate phyla; Candidatus Acetothermia; Candidatus Acetothermum	Bacteria; unclassified Bacteria; Bacteria candidate phyla; Candidatus Acetothermia; Candidatus Acetothermum	1.10078	1.0	0.06641
scaffold47794	narG	Bacteria; Proteobacteria; Gammaproteobacteria; unclassified Gammaproteobacteria; Candidatus Thioglobus; environmental samples	Bacteria; Proteobacteria; Gammaproteobacteria; unclassified Gammaproteobacteria; Candidatus Thioglobus	1.12939	1.0	0.0
scaffold50251	narG	Bacteria; Proteobacteria; Gammaproteobacteria; Pseudomonadales; Moraxellaceae; Psychrobacter	Bacteria; Proteobacteria; Gammaproteobacteria; Pseudomonadales; Moraxellaceae	1.72687	0.717882	0.0
scaffold50505	narG	Bacteria; Proteobacteria; Alphaproteobacteria; Pelagibacterales; environmental samples	Bacteria; Proteobacteria; Alphaproteobacteria; Pelagibacterales; environmental samples	2.13948	1.0	0.0
scaffold52018	narG	unclassified sequences; metagenomes; ecological metagenomes	unclassified sequences; metagenomes; ecological metagenomes	1.69902	0.589886	0.0
scaffold53624	narG	Archaea; Euryarchaeota; Halobacteria	Archaea; Euryarchaeota; Halobacteria	1.52438	1.0	0.125
scaffold54343	narG	Bacteria; unclassified Bacteria; Bacteria candidate phyla; Candidatus Saccharibacteria; unclassified Saccharibacteria	Bacteria; unclassified Bacteria; Bacteria candidate phyla; Candidatus Saccharibacteria; unclassified Saccharibacteria	1.62576	0.948402	0.12891
scaffold59788	narG	Bacteria; Candidatus Omnitrophica; unclassified Candidatus Omnitrophica	Bacteria; Candidatus Omnitrophica; unclassified Candidatus Omnitrophica	1.90626	1.0	0.0
scaffold64803	narG	Bacteria; unclassified Bacteria; Bacteria candidate phyla; Candidatus Saccharibacteria; unclassified Saccharibacteria	Bacteria; unclassified Bacteria; Bacteria candidate phyla; Candidatus Saccharibacteria; unclassified Saccharibacteria	1.1108	0.999922	0.0
scaffold66046	narG	Bacteria; unclassified Bacteria; Bacteria candidate phyla; Candidatus Acetothermia; Candidatus Acetothermum	Bacteria; unclassified Bacteria; Bacteria candidate phyla; Candidatus Acetothermia; Candidatus Acetothermum	1.0751	1.0	0.06641
scaffold66208	narG	Bacteria; Candidatus Omnitrophica; unclassified Candidatus Omnitrophica	Bacteria; Candidatus Omnitrophica; unclassified Candidatus Omnitrophica	2.4144	1.0	0.0
scaffold71352	narG	Bacteria; Proteobacteria; Alphaproteobacteria; Rhizobiales; Brucellaceae; Brucella; Brucella canis	Bacteria; Proteobacteria; Alphaproteobacteria; Rhizobiales; Brucellaceae	2.91607	0.989027	0.0
scaffold72092	narG	Bacteria; Proteobacteria; Gammaproteobacteria; unclassified Gammaproteobacteria; Candidatus Thioglobus; environmental samples	Bacteria; Proteobacteria; Gammaproteobacteria; unclassified Gammaproteobacteria; Candidatus Thioglobus	0.949358	1.0	0.0
scaffold75565	narG	Bacteria; Proteobacteria; Gammaproteobacteria; unclassified Gammaproteobacteria; Candidatus Thioglobus; environmental samples	Bacteria; Proteobacteria; Gammaproteobacteria; unclassified Gammaproteobacteria; Candidatus Thioglobus	9.87441	1.0	0.0
scaffold75601	narG	Bacteria; Actinobacteria; Actinobacteria; Micrococcales; Micrococcaceae; Kocuria	Bacteria; Actinobacteria; Actinobacteria; Micrococcales; Micrococcaceae	1.19205	0.21938	0.0
scaffold78887	narG	Bacteria; unclassified Bacteria; Bacteria candidate phyla; Candidatus Saccharibacteria; unclassified Saccharibacteria	Bacteria; unclassified Bacteria; Bacteria candidate phyla; Candidatus Saccharibacteria; unclassified Saccharibacteria	0.876701	0.903413	0.0
scaffold80790	narG	Bacteria; Candidatus Omnitrophica; unclassified Candidatus Omnitrophica	Bacteria; Candidatus Omnitrophica; unclassified Candidatus Omnitrophica	1.20522	1.0	0.0
scaffold81800	narG	unclassified sequences; metagenomes; ecological metagenomes	unclassified sequences; metagenomes; ecological metagenomes	1.32541	0.4133	0.0
scaffold83475	narG	Bacteria; Proteobacteria; Gammaproteobacteria; unclassified Gammaproteobacteria; Candidatus Thioglobus; environmental samples	Bacteria; Proteobacteria; Gammaproteobacteria; unclassified Gammaproteobacteria; Candidatus Thioglobus	3.06054	1.0	0.0
scaffold90590	narG	Bacteria; Proteobacteria; Alphaproteobacteria; Pelagibacterales; environmental samples	Bacteria; Proteobacteria; Alphaproteobacteria; Pelagibacterales; environmental samples	1.76959	0.45693	0.0
scaffold90715	narG	unclassified sequences; metagenomes; ecological metagenomes	unclassified sequences; metagenomes; ecological metagenomes	1.41425	0.996938	0.0
scaffold91423	narG	Bacteria; Proteobacteria; Gammaproteobacteria; Pseudomonadales	Bacteria; Proteobacteria; Gammaproteobacteria; Pseudomonadales	2.6637	0.498791	0.0625
scaffold93430	narG	Bacteria; Actinobacteria; Actinobacteria; Micrococcales; Micrococcaceae; Kocuria	Bacteria; Actinobacteria; Actinobacteria; Micrococcales; Micrococcaceae	3.04298	0.30725	0.0
scaffold93549	narG	Bacteria; Proteobacteria; Alphaproteobacteria; Rhizobiales; Brucellaceae; Brucella; Brucella canis	Bacteria; Proteobacteria; Alphaproteobacteria; Rhizobiales; Brucellaceae	0.912893	0.934897	0.0
scaffold00114	narG	Bacteria; Proteobacteria; Gammaproteobacteria; unclassified Gammaproteobacteria; Candidatus Thioglobus; environmental samples	Bacteria; Proteobacteria; Gammaproteobacteria; unclassified Gammaproteobacteria; Candidatus Thioglobus	4.29926	1.0	0.0
scaffold00128	narG	Bacteria; Proteobacteria; Gammaproteobacteria; unclassified Gammaproteobacteria; Candidatus Thioglobus; environmental samples	Bacteria; Proteobacteria; Gammaproteobacteria; unclassified Gammaproteobacteria; Candidatus Thioglobus	3.0865	1.0	0.0
scaffold00194	narG	Bacteria; Proteobacteria; Betaproteobacteria; Burkholderiales; unclassified Burkholderiales; Burkholderiales Genera incertae sedis; Thiomonas	Bacteria; Proteobacteria; Betaproteobacteria; Burkholderiales; unclassified Burkholderiales	3.76315	0.999534	0.25391
scaffold00370	narG	Bacteria; Proteobacteria; Gammaproteobacteria; unclassified Gammaproteobacteria; Candidatus Thioglobus; environmental samples	Bacteria; Proteobacteria; Gammaproteobacteria; unclassified Gammaproteobacteria; Candidatus Thioglobus	10.5876	1.0	0.0
scaffold00472	narG	Bacteria; Proteobacteria; Gammaproteobacteria; unclassified Gammaproteobacteria; Candidatus Thioglobus; environmental samples	Bacteria; Proteobacteria; Gammaproteobacteria; unclassified Gammaproteobacteria; Candidatus Thioglobus	28.6639	1.0	0.0
scaffold00799	narG	Bacteria; Proteobacteria; Gammaproteobacteria; unclassified Gammaproteobacteria; Candidatus Thioglobus; environmental samples	Bacteria; Proteobacteria; Gammaproteobacteria; unclassified Gammaproteobacteria; Candidatus Thioglobus	14.5907	1.0	0.0
scaffold00811	narG	Bacteria; unclassified Bacteria; Bacteria candidate phyla; candidate division NC10; Candidatus Methylomirabilis	Bacteria; unclassified Bacteria; Bacteria candidate phyla; candidate division NC10; Candidatus Methylomirabilis	5.33079	0.999203	0.0
scaffold01061	narG	Archaea; Euryarchaeota; Halobacteria	Archaea; Euryarchaeota; Halobacteria	3.80606	0.999344	0.125
scaffold01870	narG	Archaea; Euryarchaeota; Halobacteria	Archaea; Euryarchaeota; Halobacteria	6.42464	1.0	0.125
scaffold02347	narG	Archaea; Euryarchaeota; Halobacteria	Archaea; Euryarchaeota; Halobacteria	7.44315	1.0	0.125
scaffold02740	narG	Bacteria; unclassified Bacteria; Bacteria candidate phyla; Candidatus Saccharibacteria; unclassified Saccharibacteria	Bacteria; unclassified Bacteria; Bacteria candidate phyla; Candidatus Saccharibacteria; unclassified Saccharibacteria	3.53036	0.994818	0.12891
scaffold03271	narG	Archaea; Euryarchaeota; Halobacteria	Archaea; Euryarchaeota; Halobacteria	4.23392	1.0	0.125
scaffold03824	narG	Bacteria; Proteobacteria; Betaproteobacteria; Rhodocyclales; Rhodocyclaceae; Aromatoleum; Aromatoleum aromaticum	Bacteria; Proteobacteria; Betaproteobacteria; Rhodocyclales; Rhodocyclaceae	3.97453	1.0	0.0
scaffold05093	narG	Bacteria; Proteobacteria; Gammaproteobacteria; unclassified Gammaproteobacteria; Candidatus Thioglobus; environmental samples	Bacteria; Proteobacteria; Gammaproteobacteria; unclassified Gammaproteobacteria; Candidatus Thioglobus	17.3694	1.0	0.0
scaffold06145	narG	Bacteria; Proteobacteria; Alphaproteobacteria; Pelagibacterales; environmental samples	Bacteria; Proteobacteria; Alphaproteobacteria; Pelagibacterales; environmental samples	5.8936	1.0	0.0
scaffold06792	narG	Bacteria	Bacteria	2.88214	0.251236	0.35744
scaffold06862	narG	Archaea; Euryarchaeota; Halobacteria	Archaea; Euryarchaeota; Halobacteria	5.62772	1.0	0.125
scaffold07426	narG	Bacteria; Actinobacteria; Actinobacteria; Micrococcales; Micrococcaceae; Kocuria	Bacteria; Actinobacteria; Actinobacteria; Micrococcales; Micrococcaceae	9.79775	0.400894	0.0
scaffold110550	narG	Bacteria; Proteobacteria; Gammaproteobacteria	Bacteria; Proteobacteria; Gammaproteobacteria	1.54832	0.580868	0.07812
scaffold110710	narG	Bacteria; Proteobacteria; Alphaproteobacteria; Rhodospirillales; Rhodospirillaceae; Thalassospira; Thalassospira tepidiphila	Bacteria; Proteobacteria; Alphaproteobacteria; Rhodospirillales; Rhodospirillaceae	1.3688	0.9732	0.0
scaffold111898	narG	Bacteria; Proteobacteria; Alphaproteobacteria; Rhodobacterales; Rhodobacteraceae; Thioclava	Bacteria; Proteobacteria; Alphaproteobacteria; Rhodobacterales; Rhodobacteraceae	0.814466	0.999924	0.0
scaffold115952	narG	Bacteria; Proteobacteria; Gammaproteobacteria; unclassified Gammaproteobacteria; Candidatus Thioglobus; environmental samples	Bacteria; Proteobacteria; Gammaproteobacteria; unclassified Gammaproteobacteria; Candidatus Thioglobus	1.43216	1.0	0.0
scaffold11955	narG	Bacteria; Proteobacteria; Gammaproteobacteria	Bacteria; Proteobacteria; Gammaproteobacteria	2.28658	0.321823	0.09375
scaffold124763	narG	Bacteria; Chlorobi; unclassified Chlorobi	Bacteria; Chlorobi; unclassified Chlorobi	0.819824	1.0	0.0
scaffold14053	narG	Bacteria; Proteobacteria; Alphaproteobacteria; Rhodospirillales; Rhodospirillaceae; Thalassospira; Thalassospira tepidiphila	Bacteria; Proteobacteria; Alphaproteobacteria; Rhodospirillales; Rhodospirillaceae	2.04863	1.0	0.0
scaffold142015	narG	Bacteria; unclassified Bacteria; Bacteria candidate phyla; Candidatus Saccharibacteria; unclassified Saccharibacteria	Bacteria; unclassified Bacteria; Bacteria candidate phyla; Candidatus Saccharibacteria; unclassified Saccharibacteria	0.961763	0.638327	0.0
scaffold144594	narG	Bacteria; Proteobacteria; Gammaproteobacteria; unclassified Gammaproteobacteria; Candidatus Thioglobus; environmental samples	Bacteria; Proteobacteria; Gammaproteobacteria; unclassified Gammaproteobacteria; Candidatus Thioglobus	0.656044	0.999999	0.0
scaffold151355	narG	Bacteria; unclassified Bacteria; Bacteria candidate phyla; Candidatus Saccharibacteria; unclassified Saccharibacteria	Bacteria; unclassified Bacteria; Bacteria candidate phyla; Candidatus Saccharibacteria; unclassified Saccharibacteria	1.18577	0.886988	0.0
scaffold153541	narG	unclassified sequences; metagenomes; ecological metagenomes	unclassified sequences; metagenomes; ecological metagenomes	0.76205	0.438275	0.0
scaffold154810	narG	Bacteria; Chlorobi; unclassified Chlorobi	Bacteria; Chlorobi; unclassified Chlorobi	1.17611	0.669031	0.0
scaffold15572	narG	Bacteria; Candidatus Omnitrophica; unclassified Candidatus Omnitrophica	Bacteria; Candidatus Omnitrophica; unclassified Candidatus Omnitrophica	2.978	1.0	0.0
scaffold163888	narG	Bacteria; Proteobacteria; Gammaproteobacteria; Pseudomonadales	Bacteria; Proteobacteria; Gammaproteobacteria; Pseudomonadales	0.8197	0.77099	0.03125
scaffold165714	narG	Bacteria; Chlorobi; unclassified Chlorobi	Bacteria; Chlorobi; unclassified Chlorobi	0.681878	0.671482	0.0
scaffold170581	narG	Bacteria	Bacteria	1.61611	0.223115	0.35744
scaffold170625	narG	Bacteria; unclassified Bacteria; Bacteria candidate phyla; Candidatus Saccharibacteria; unclassified Saccharibacteria	Bacteria; unclassified Bacteria; Bacteria candidate phyla; Candidatus Saccharibacteria; unclassified Saccharibacteria	1.12846	0.487835	0.0
scaffold173844	narG	Bacteria; Proteobacteria; Alphaproteobacteria	Bacteria; Proteobacteria; Alphaproteobacteria	0.848041	0.28785	0.08665
scaffold179208	narG	Bacteria; unclassified Bacteria; Bacteria candidate phyla; Candidatus Acetothermia; Candidatus Acetothermum	Bacteria; unclassified Bacteria; Bacteria candidate phyla; Candidatus Acetothermia; Candidatus Acetothermum	1.42642	1.0	0.06641
scaffold179551	narG	Bacteria; unclassified Bacteria; Bacteria candidate phyla; Candidatus Saccharibacteria; unclassified Saccharibacteria	Bacteria; unclassified Bacteria; Bacteria candidate phyla; Candidatus Saccharibacteria; unclassified Saccharibacteria	0.804533	0.843571	0.0
scaffold183181	narG	Bacteria; Proteobacteria	Bacteria; Proteobacteria	1.11459	0.456551	0.09375
scaffold186061	narG	Bacteria; unclassified Bacteria; Bacteria candidate phyla; Candidatus Saccharibacteria; unclassified Saccharibacteria	Bacteria; unclassified Bacteria; Bacteria candidate phyla; Candidatus Saccharibacteria; unclassified Saccharibacteria	1.24532	0.944983	0.0
scaffold189673	narG	Bacteria; Candidatus Omnitrophica; unclassified Candidatus Omnitrophica	Bacteria; Candidatus Omnitrophica; unclassified Candidatus Omnitrophica	2.08849	0.98685	0.0
scaffold189735	narG	Bacteria; Proteobacteria; Gammaproteobacteria; unclassified Gammaproteobacteria; Candidatus Thioglobus; environmental samples	Bacteria; Proteobacteria; Gammaproteobacteria; unclassified Gammaproteobacteria; Candidatus Thioglobus	1.90421	1.0	0.0
scaffold193317	narG	unclassified sequences; metagenomes; ecological metagenomes	unclassified sequences; metagenomes; ecological metagenomes	0.869684	0.670969	0.0
scaffold19353	narG	Bacteria; Proteobacteria; Alphaproteobacteria; Rhodospirillales; Rhodospirillaceae; Thalassospira; Thalassospira tepidiphila	Bacteria; Proteobacteria; Alphaproteobacteria; Rhodospirillales; Rhodospirillaceae	1.85364	0.999997	0.0
scaffold194849	narG	unclassified sequences; metagenomes; ecological metagenomes	unclassified sequences; metagenomes; ecological metagenomes	0.937099	0.340404	0.0
scaffold203185	narG	Bacteria; Proteobacteria	Bacteria; Proteobacteria	2.0776	0.423811	0.125
scaffold211568	narG	Bacteria; Proteobacteria; Gammaproteobacteria; unclassified Gammaproteobacteria; Candidatus Thioglobus; environmental samples	Bacteria; Proteobacteria; Gammaproteobacteria; unclassified Gammaproteobacteria; Candidatus Thioglobus	0.621758	0.996321	0.0
scaffold216507	narG	Bacteria; unclassified Bacteria; Bacteria candidate phyla; Candidatus Saccharibacteria; unclassified Saccharibacteria	Bacteria; unclassified Bacteria; Bacteria candidate phyla; Candidatus Saccharibacteria; unclassified Saccharibacteria	0.629248	0.677383	0.0
scaffold248056	narG	Bacteria; unclassified Bacteria; Bacteria candidate phyla; Candidatus Acetothermia; Candidatus Acetothermum	Bacteria; unclassified Bacteria; Bacteria candidate phyla; Candidatus Acetothermia; Candidatus Acetothermum	1.43261	0.999983	0.06641
scaffold251246	narG	Bacteria; Deferribacteres; Deferribacteres; Deferribacterales; Deferribacteraceae	Bacteria; Deferribacteres; Deferribacteres; Deferribacterales; Deferribacteraceae	1.94671	0.938436	0.03125
scaffold251507	narG	Bacteria; Proteobacteria; Gammaproteobacteria; unclassified Gammaproteobacteria; sulfur-oxidizing symbionts; Calyptogena okutanii thioautotrophic gill symbiont	Bacteria; Proteobacteria; Gammaproteobacteria; unclassified Gammaproteobacteria; sulfur-oxidizing symbionts	1.0815	0.986715	0.0
scaffold251695	narG	Bacteria; Proteobacteria; Deltaproteobacteria; unclassified Deltaproteobacteria; unclassified Deltaproteobacteria 	Bacteria; Proteobacteria; Deltaproteobacteria; unclassified Deltaproteobacteria; unclassified Deltaproteobacteria 	3.64106	0.426422	0.0
scaffold00027	norC	Bacteria; Proteobacteria; Gammaproteobacteria	Bacteria; Proteobacteria; Gammaproteobacteria	3.84222	0.987262	0.03906
scaffold00229	norC	Bacteria; Proteobacteria; Gammaproteobacteria	Bacteria; Proteobacteria; Gammaproteobacteria	11.425	0.364253	0.07118
scaffold00505	norC	Bacteria; Proteobacteria; Epsilonproteobacteria; Campylobacterales	Bacteria; Proteobacteria; Epsilonproteobacteria; Campylobacterales	8.64267	0.811961	0.06473
scaffold01220	norC	Bacteria; Chloroflexi; Ardenticatenia; Ardenticatenales; Ardenticatenaceae; Ardenticatena	Bacteria; Chloroflexi; Ardenticatenia; Ardenticatenales; Ardenticatenaceae; Ardenticatena	8.93163	0.996305	0.0
scaffold02477	norC	Bacteria; Proteobacteria; Gammaproteobacteria	Bacteria; Proteobacteria; Gammaproteobacteria	4.62565	0.986619	0.03906
scaffold03947	norC	Bacteria; Proteobacteria; Epsilonproteobacteria; Campylobacterales	Bacteria; Proteobacteria; Epsilonproteobacteria; Campylobacterales	11.6674	0.564167	0.06473
scaffold05790	norC	Bacteria; Proteobacteria; Gammaproteobacteria; unclassified Gammaproteobacteria; Candidatus Thioglobus; environmental samples	Bacteria; Proteobacteria; Gammaproteobacteria; unclassified Gammaproteobacteria; Candidatus Thioglobus; environmental samples	30.7274	1.0	0.0
scaffold06775	norC	Bacteria; Bacteroidetes; Flavobacteriia; Flavobacteriales; Flavobacteriaceae; Aequorivita	Bacteria; Bacteroidetes; Flavobacteriia; Flavobacteriales; Flavobacteriaceae; Aequorivita	0	0.837626	0.0
scaffold102850	norC	Bacteria; Chloroflexi; Ardenticatenia; Ardenticatenales; Ardenticatenaceae; Ardenticatena	Bacteria; Chloroflexi; Ardenticatenia; Ardenticatenales; Ardenticatenaceae; Ardenticatena	2.83472	0.995553	0.0
scaffold12720	norC	Bacteria; Chloroflexi; Ardenticatenia; Ardenticatenales; Ardenticatenaceae; Ardenticatena	Bacteria; Chloroflexi; Ardenticatenia; Ardenticatenales; Ardenticatenaceae; Ardenticatena	7.59423	0.996465	0.0
scaffold163246	norC	Bacteria; Proteobacteria; Epsilonproteobacteria; Campylobacterales	Bacteria; Proteobacteria; Epsilonproteobacteria; Campylobacterales	2.4528	0.336101	0.06473
scaffold174485	norC	Bacteria; Proteobacteria; Epsilonproteobacteria; Campylobacterales	Bacteria; Proteobacteria; Epsilonproteobacteria; Campylobacterales	1.87154	0.863103	0.06473
scaffold206609	norC	Bacteria; Bacteroidetes; unclassified Bacteroidetes; unclassified Bacteroidetes 	Bacteria; Bacteroidetes; unclassified Bacteroidetes; unclassified Bacteroidetes 	0.741618	0.737924	0.0
scaffold58388	norC	Bacteria; Bacteroidetes; unclassified Bacteroidetes; unclassified Bacteroidetes 	Bacteria; Bacteroidetes; unclassified Bacteroidetes; unclassified Bacteroidetes 	3.9001	0.730461	0.0
scaffold00229	norB	Bacteria; Proteobacteria; Gammaproteobacteria; unclassified Gammaproteobacteria; Competibacteraceae; Candidatus Competibacter; Candidatus Competibacter denitrificans	Bacteria; Proteobacteria; Gammaproteobacteria; unclassified Gammaproteobacteria; Competibacteraceae; Candidatus Competibacter	4.21227	0.867286	0.0
scaffold00505	norB	Bacteria; Proteobacteria; Gammaproteobacteria; unclassified Gammaproteobacteria; unclassified Gammaproteobacteria 	Bacteria; Proteobacteria; Gammaproteobacteria; unclassified Gammaproteobacteria; unclassified Gammaproteobacteria 	0	1.0	0.0
scaffold02916	norB	Bacteria; Proteobacteria	Bacteria; Proteobacteria	5.13456	0.999073	0.23793
scaffold03947	norB	Bacteria; Proteobacteria; Gammaproteobacteria; unclassified Gammaproteobacteria; unclassified Gammaproteobacteria 	Bacteria; Proteobacteria; Gammaproteobacteria; unclassified Gammaproteobacteria; unclassified Gammaproteobacteria 	0	0.999996	0.0
scaffold05790	norB	Bacteria; Proteobacteria	Bacteria; Proteobacteria	0	0.711632	0.15625
scaffold111736	norB	Bacteria; Proteobacteria; Gammaproteobacteria; unclassified Gammaproteobacteria; unclassified Gammaproteobacteria 	Bacteria; Proteobacteria; Gammaproteobacteria; unclassified Gammaproteobacteria; unclassified Gammaproteobacteria 	1.62559	0.530061	0.0
scaffold130345	norB	Bacteria; Proteobacteria; Alphaproteobacteria; Rhizobiales; unclassified Rhizobiales; unclassified Rhizobiales 	Bacteria; Proteobacteria; Alphaproteobacteria; Rhizobiales; unclassified Rhizobiales; unclassified Rhizobiales 	1.03776	0.480595	0.0
scaffold131656	norB	Bacteria; Proteobacteria; Gammaproteobacteria	Bacteria; Proteobacteria; Gammaproteobacteria	2.11448	0.279133	0.09821
scaffold192788	norB	Bacteria; Proteobacteria; Gammaproteobacteria; unclassified Gammaproteobacteria; unclassified Gammaproteobacteria 	Bacteria; Proteobacteria; Gammaproteobacteria; unclassified Gammaproteobacteria; unclassified Gammaproteobacteria 	7.09274	0.996747	0.0
scaffold199398	norB	Bacteria; Proteobacteria; Gammaproteobacteria	Bacteria; Proteobacteria; Gammaproteobacteria	2.78042	0.501414	0.09659
scaffold201835	norB	Bacteria; Proteobacteria	Bacteria; Proteobacteria	4.87617	0.831245	0.15625
scaffold326294	norB	Bacteria; Proteobacteria; Gammaproteobacteria; Thiotrichales; Thiotrichaceae; Beggiatoa	Bacteria; Proteobacteria; Gammaproteobacteria; Thiotrichales; Thiotrichaceae; Beggiatoa	0.961565	0.709829	0.0
scaffold333470	norB	Bacteria; Proteobacteria; Betaproteobacteria; Burkholderiales	Bacteria; Proteobacteria; Betaproteobacteria; Burkholderiales	1.14182	0.467997	0.05921
scaffold343706	norB	Bacteria; Proteobacteria; Gammaproteobacteria; unclassified Gammaproteobacteria; unclassified Gammaproteobacteria 	Bacteria; Proteobacteria; Gammaproteobacteria; unclassified Gammaproteobacteria; unclassified Gammaproteobacteria 	0.948613	0.909314	0.0
scaffold39065	norB	Bacteria; Proteobacteria; Betaproteobacteria; Neisseriales; Chromobacteriaceae	Bacteria; Proteobacteria; Betaproteobacteria; Neisseriales; Chromobacteriaceae	2.90526	0.989937	0.05729
scaffold39115	norB	Bacteria; Proteobacteria; Betaproteobacteria; Neisseriales; Chromobacteriaceae	Bacteria; Proteobacteria; Betaproteobacteria; Neisseriales; Chromobacteriaceae	3.07287	0.986739	0.05729
