Query	Marker	Taxonomy	Confident_Taxonomy	Abundance	Likelihood	WTD
scaffold00003	nosZ	EPSILON; EPSILON	EPSILON; EPSILON	6.44962	1.0	0.0
scaffold00022	nosZ	ZA3312c; ZA3312c	ZA3312c; ZA3312c	3.11372	1.0	0.0
scaffold00030	nosZ	Bacteria; Bacteroidetes; Bacteroidetes Order II. Incertae sedis; Rhodothermaceae; Rhodothermus; DSM	Bacteria; Bacteroidetes; Bacteroidetes Order II. Incertae sedis; Rhodothermaceae; Rhodothermus; DSM	8.69385	0.999148	0.0
scaffold00192	nosZ	SHBH1141; SHBH1141	SHBH1141; SHBH1141	26.65	1.0	0.0
scaffold00495	nosZ	GAMMA; GAMMA	GAMMA; GAMMA	50.6293	1.0	0.0
scaffold01476	nosZ	SAR324; SAR324	SAR324; SAR324	3.64795	0.935161	0.0
scaffold03045	nosZ	SUP05; SUP05	SUP05; SUP05	5.19344	1.0	0.0
scaffold04084	nosZ	SUP05; SUP05	SUP05; SUP05	6.95208	1.0	0.0
scaffold06582	nosZ	Bacteria; Bacteroidetes; Flavobacteriia; Flavobacteriales; Flavobacteriaceae; Maribacter; sp.	Bacteria; Bacteroidetes; Flavobacteriia; Flavobacteriales; Flavobacteriaceae; Maribacter	3.10475	1.0	0.0
scaffold08785	nosZ	Bac22; Bac22	Bac22; Bac22	2.45601	1.0	0.0
scaffold108331	nosZ	Bacteria; Firmicutes; Bacilli; Bacillales; Bacillaceae; Geobacillus; thermodenitrificans	Bacteria; Firmicutes; Bacilli; Bacillales; Bacillaceae; Geobacillus	0.649044	0.99436	0.0
scaffold143331	nosZ	SHBH1141; SHBH1141	SHBH1141; SHBH1141	1.27956	1.0	0.0
scaffold18943	nosZ	SHBH1141; SHBH1141	SHBH1141; SHBH1141	1.57586	1.0	0.0
scaffold211722	nosZ	Bacteria; Proteobacteria	Bacteria; Proteobacteria	1.03723	0.578259	0.24629
scaffold24563	nosZ	Bac22; Bac22	Bac22; Bac22	2.92586	1.0	0.0
scaffold49768	nosZ	SUP05; SUP05	SUP05; SUP05	0.909059	1.0	0.0
scaffold71149	nosZ	SHBH1141; SHBH1141	SHBH1141; SHBH1141	1.66388	1.0	0.0
scaffold00006	napA	Bacteria; Firmicutes; Clostridia; Clostridiales; Symbiobacteriaceae; Symbiobacterium; Symbiobacterium thermophilum	Bacteria; Firmicutes; Clostridia; Clostridiales; Symbiobacteriaceae	0	0.71403	0.0
scaffold00018	napA	Bacteria; Firmicutes; Clostridia; Clostridiales; Symbiobacteriaceae; Symbiobacterium; Symbiobacterium thermophilum	Bacteria; Firmicutes; Clostridia; Clostridiales; Symbiobacteriaceae	4.09315	0.999877	0.0
scaffold00109	napA	Bacteria; Proteobacteria; Gammaproteobacteria; Thiotrichales; Thiotrichaceae	Bacteria; Proteobacteria; Gammaproteobacteria; Thiotrichales; Thiotrichaceae	26.7127	0.998046	0.01562
scaffold00228	napA	Bacteria; Proteobacteria; Deltaproteobacteria; Desulfovibrionales; Desulfovibrionaceae	Bacteria; Proteobacteria; Deltaproteobacteria; Desulfovibrionales; Desulfovibrionaceae	3.90286	0.394654	0.01562
scaffold00306	napA	Bacteria	Bacteria	4.04035	0.645054	0.4375
scaffold00312	napA	Bacteria; Deferribacteres; Deferribacteres; Deferribacterales; Deferribacteraceae	Bacteria; Deferribacteres; Deferribacteres; Deferribacterales; Deferribacteraceae	2.55329	0.660673	0.075
scaffold00317	napA	Bacteria; Proteobacteria	Bacteria; Proteobacteria	3.42201	0.895724	0.20392
scaffold00355	napA	Bacteria; Firmicutes; Clostridia; Clostridiales; Symbiobacteriaceae; Symbiobacterium; Symbiobacterium thermophilum	Bacteria; Firmicutes; Clostridia; Clostridiales; Symbiobacteriaceae	7.65408	1.0	0.0
scaffold00365	napA	Bacteria; Proteobacteria; Gammaproteobacteria; unclassified Gammaproteobacteria; Candidatus Thioglobus	Bacteria; Proteobacteria; Gammaproteobacteria; unclassified Gammaproteobacteria; Candidatus Thioglobus	5.34161	1.0	0.0
scaffold00391	napA	Bacteria; Proteobacteria	Bacteria; Proteobacteria	4.6226	0.985203	0.20392
scaffold00599	napA	Bacteria; Firmicutes; Clostridia; Clostridiales; Symbiobacteriaceae; Symbiobacterium; Symbiobacterium thermophilum	Bacteria; Firmicutes; Clostridia; Clostridiales; Symbiobacteriaceae	88.1962	0.831584	0.0
scaffold00719	napA	Bacteria; Proteobacteria; Gammaproteobacteria; unclassified Gammaproteobacteria; Candidatus Thioglobus	Bacteria; Proteobacteria; Gammaproteobacteria; unclassified Gammaproteobacteria; Candidatus Thioglobus	217.216	1.0	0.0
scaffold00810	napA	Bacteria; Deferribacteres; Deferribacteres; Deferribacterales; Deferribacteraceae; Mucispirillum; Mucispirillum schaedleri	Bacteria; Deferribacteres; Deferribacteres; Deferribacterales; Deferribacteraceae	8.28836	0.420648	0.0
scaffold00890	napA	Bacteria; Proteobacteria	Bacteria; Proteobacteria	4.36247	0.940041	0.20392
scaffold00908	napA	Bacteria; Proteobacteria	Bacteria; Proteobacteria	3.89009	0.322662	0.20392
scaffold00941	napA	Bacteria; Firmicutes; Clostridia; Clostridiales; Symbiobacteriaceae; Symbiobacterium; Symbiobacterium thermophilum	Bacteria; Firmicutes; Clostridia; Clostridiales; Symbiobacteriaceae	24.9016	0.833034	0.0
scaffold00977	napA	Bacteria; Deferribacteres; Deferribacteres; Deferribacterales; Deferribacteraceae	Bacteria; Deferribacteres; Deferribacteres; Deferribacterales; Deferribacteraceae	21.13	0.972018	0.075
scaffold01014	napA	Bacteria; Firmicutes; Clostridia; Clostridiales; Symbiobacteriaceae; Symbiobacterium; Symbiobacterium thermophilum	Bacteria; Firmicutes; Clostridia; Clostridiales; Symbiobacteriaceae	2.57524	0.999936	0.0
scaffold01086	napA	Bacteria; Proteobacteria; Epsilonproteobacteria	Bacteria; Proteobacteria; Epsilonproteobacteria	2.92546	0.999993	0.07812
scaffold01143	napA	Bacteria; Thermodesulfobacteria; Thermodesulfobacteria; Thermodesulfobacteriales; Thermodesulfobacteriaceae; Caldimicrobium	Bacteria; Thermodesulfobacteria; Thermodesulfobacteria; Thermodesulfobacteriales; Thermodesulfobacteriaceae	5.95763	0.493591	0.0
scaffold01336	napA	Bacteria	Bacteria	7.26452	0.422372	0.4375
scaffold01992	napA	Bacteria; Firmicutes; Clostridia; Clostridiales; Symbiobacteriaceae; Symbiobacterium; Symbiobacterium thermophilum	Bacteria; Firmicutes; Clostridia; Clostridiales; Symbiobacteriaceae	9.06166	1.0	0.0
scaffold02129	napA	Bacteria; Proteobacteria; Deltaproteobacteria; Desulfuromonadales; Geobacteraceae; Geobacter	Bacteria; Proteobacteria; Deltaproteobacteria; Desulfuromonadales; Geobacteraceae	6.69394	0.373008	0.0
scaffold02135	napA	Bacteria	Bacteria	6.36193	0.421742	0.42188
scaffold02171	napA	Bacteria; Thermodesulfobacteria; Thermodesulfobacteria; Thermodesulfobacteriales; Thermodesulfobacteriaceae; Caldimicrobium	Bacteria; Thermodesulfobacteria; Thermodesulfobacteria; Thermodesulfobacteriales; Thermodesulfobacteriaceae	6.85673	0.31253	0.0
scaffold02202	napA	Bacteria; Deferribacteres; Deferribacteres; Deferribacterales; Deferribacteraceae	Bacteria; Deferribacteres; Deferribacteres; Deferribacterales; Deferribacteraceae	2.00154	0.956263	0.075
scaffold02373	napA	Bacteria; Proteobacteria; Gammaproteobacteria; unclassified Gammaproteobacteria; Candidatus Thioglobus	Bacteria; Proteobacteria; Gammaproteobacteria; unclassified Gammaproteobacteria; Candidatus Thioglobus	56.0869	1.0	0.0
scaffold02684	napA	Bacteria; Firmicutes; Clostridia; Clostridiales; Symbiobacteriaceae; Symbiobacterium; Symbiobacterium thermophilum	Bacteria; Firmicutes; Clostridia; Clostridiales; Symbiobacteriaceae	2.51832	1.0	0.0
scaffold03558	napA	Bacteria; Thermodesulfobacteria; Thermodesulfobacteria; Thermodesulfobacteriales; Thermodesulfobacteriaceae; Caldimicrobium	Bacteria; Thermodesulfobacteria; Thermodesulfobacteria; Thermodesulfobacteriales; Thermodesulfobacteriaceae	10.285	0.58477	0.0
scaffold03675	napA	Bacteria; Firmicutes; Clostridia; Clostridiales; Symbiobacteriaceae; Symbiobacterium; Symbiobacterium thermophilum	Bacteria; Firmicutes; Clostridia; Clostridiales; Symbiobacteriaceae	7.49576	0.552047	0.0
scaffold03914	napA	Bacteria; Proteobacteria; Gammaproteobacteria; unclassified Gammaproteobacteria; Candidatus Thioglobus	Bacteria; Proteobacteria; Gammaproteobacteria; unclassified Gammaproteobacteria; Candidatus Thioglobus	219.585	1.0	0.0
scaffold05073	napA	Bacteria; Firmicutes; Clostridia; Clostridiales; Symbiobacteriaceae; Symbiobacterium; Symbiobacterium thermophilum	Bacteria; Firmicutes; Clostridia; Clostridiales; Symbiobacteriaceae	1.80697	0.999967	0.0
scaffold05180	napA	Bacteria; Firmicutes; Clostridia; Clostridiales; Symbiobacteriaceae; Symbiobacterium; Symbiobacterium thermophilum	Bacteria; Firmicutes; Clostridia; Clostridiales; Symbiobacteriaceae	2.20692	1.0	0.0
scaffold05637	napA	Bacteria; Firmicutes; Clostridia; Clostridiales; Symbiobacteriaceae; Symbiobacterium; Symbiobacterium thermophilum	Bacteria; Firmicutes; Clostridia; Clostridiales; Symbiobacteriaceae	242.393	0.755785	0.0
scaffold05667	napA	Bacteria; Firmicutes; Clostridia; Clostridiales; Symbiobacteriaceae; Symbiobacterium; Symbiobacterium thermophilum	Bacteria; Firmicutes; Clostridia; Clostridiales; Symbiobacteriaceae	0	0.796401	0.0
scaffold06258	napA	Bacteria; Deferribacteres; Deferribacteres; Deferribacterales; Deferribacteraceae	Bacteria; Deferribacteres; Deferribacteres; Deferribacterales; Deferribacteraceae	6.63356	0.264662	0.075
scaffold06310	napA	Bacteria; Firmicutes; Clostridia; Clostridiales; Symbiobacteriaceae; Symbiobacterium; Symbiobacterium thermophilum	Bacteria; Firmicutes; Clostridia; Clostridiales; Symbiobacteriaceae	1.72005	0.999403	0.0
scaffold06439	napA	Bacteria; Proteobacteria; Deltaproteobacteria; Myxococcales; Cystobacterineae; Archangiaceae; Cystobacter; Cystobacter fuscus	Bacteria; Proteobacteria; Deltaproteobacteria; Myxococcales; Cystobacterineae	5.142	0.488921	0.0
scaffold06477	napA	Bacteria; Firmicutes; Clostridia; Clostridiales; Symbiobacteriaceae; Symbiobacterium; Symbiobacterium thermophilum	Bacteria; Firmicutes; Clostridia; Clostridiales; Symbiobacteriaceae	4.26993	0.295432	0.0
scaffold07041	napA	unclassified sequences; metagenomes; ecological metagenomes	unclassified sequences; metagenomes; ecological metagenomes	2.1391	0.338694	0.0
scaffold08176	napA	Bacteria; Firmicutes; Clostridia; Clostridiales; Symbiobacteriaceae; Symbiobacterium; Symbiobacterium thermophilum	Bacteria; Firmicutes; Clostridia; Clostridiales; Symbiobacteriaceae	7.78436	0.900484	0.0
scaffold08740	napA	Bacteria; Proteobacteria; Gammaproteobacteria; unclassified Gammaproteobacteria; Candidatus Thioglobus	Bacteria; Proteobacteria; Gammaproteobacteria; unclassified Gammaproteobacteria; Candidatus Thioglobus	1.3409	1.0	0.0
scaffold09239	napA	Bacteria; Firmicutes; Clostridia; Clostridiales; Symbiobacteriaceae; Symbiobacterium; Symbiobacterium thermophilum	Bacteria; Firmicutes; Clostridia; Clostridiales; Symbiobacteriaceae	1.79289	0.999668	0.0
scaffold09890	napA	Bacteria; Firmicutes; Clostridia; Clostridiales; Symbiobacteriaceae; Symbiobacterium; Symbiobacterium thermophilum	Bacteria; Firmicutes; Clostridia; Clostridiales; Symbiobacteriaceae	2.53278	0.858487	0.0
scaffold10455	napA	Bacteria; Firmicutes; Clostridia; Clostridiales; Symbiobacteriaceae; Symbiobacterium; Symbiobacterium thermophilum	Bacteria; Firmicutes; Clostridia; Clostridiales; Symbiobacteriaceae	2.23247	1.0	0.0
scaffold105648	napA	Bacteria; Firmicutes; Clostridia; Clostridiales; Symbiobacteriaceae; Symbiobacterium; Symbiobacterium thermophilum	Bacteria; Firmicutes; Clostridia; Clostridiales; Symbiobacteriaceae	0.639185	0.999853	0.0
scaffold108055	napA	Bacteria; Actinobacteria; Coriobacteriia; Eggerthellales; Eggerthellaceae	Bacteria; Actinobacteria; Coriobacteriia; Eggerthellales; Eggerthellaceae	1.21343	0.224151	0.125
scaffold111425	napA	Bacteria; Firmicutes; Clostridia; Clostridiales; Symbiobacteriaceae; Symbiobacterium; Symbiobacterium thermophilum	Bacteria; Firmicutes; Clostridia; Clostridiales; Symbiobacteriaceae	0.948302	0.960861	0.0
scaffold116999	napA	Bacteria; Proteobacteria	Bacteria; Proteobacteria	0.801047	0.475994	0.20392
scaffold124079	napA	Bacteria; Proteobacteria; Gammaproteobacteria	Bacteria; Proteobacteria; Gammaproteobacteria	1.3222	0.852256	0.10938
scaffold12851	napA	Bacteria; Firmicutes; Clostridia; Clostridiales; unclassified Clostridiales; unclassified Clostridiales 	Bacteria; Firmicutes; Clostridia; Clostridiales; unclassified Clostridiales	7.75071	0.432875	0.0
scaffold129041	napA	Bacteria; Proteobacteria; Alphaproteobacteria; Kiloniellales; Kiloniellaceae; Kiloniella	Bacteria; Proteobacteria; Alphaproteobacteria; Kiloniellales; Kiloniellaceae	0.914776	0.847563	0.0
scaffold13038	napA	Bacteria; Planctomycetes; Planctomycetia; Planctomycetales; Planctomycetaceae; Rhodopirellula; Rhodopirellula maiorica	Bacteria; Planctomycetes; Planctomycetia; Planctomycetales; Planctomycetaceae	2.86033	0.299803	0.0
scaffold133701	napA	Bacteria; Proteobacteria; Gammaproteobacteria; unclassified Gammaproteobacteria; Candidatus Thioglobus	Bacteria; Proteobacteria; Gammaproteobacteria; unclassified Gammaproteobacteria; Candidatus Thioglobus	23.2784	1.0	0.0
scaffold138538	napA	Bacteria; Proteobacteria; Gammaproteobacteria; unclassified Gammaproteobacteria; Candidatus Thioglobus	Bacteria; Proteobacteria; Gammaproteobacteria; unclassified Gammaproteobacteria; Candidatus Thioglobus	40.8106	1.0	0.0
scaffold140478	napA	Bacteria; Firmicutes; Clostridia; Clostridiales; Symbiobacteriaceae; Symbiobacterium; Symbiobacterium thermophilum	Bacteria; Firmicutes; Clostridia; Clostridiales; Symbiobacteriaceae	1.26405	0.678171	0.0
scaffold14157	napA	Bacteria; Firmicutes; Clostridia; Clostridiales; unclassified Clostridiales; unclassified Clostridiales 	Bacteria; Firmicutes; Clostridia; Clostridiales; unclassified Clostridiales	5.74198	0.443287	0.0
scaffold152166	napA	Bacteria; Proteobacteria; Gammaproteobacteria; unclassified Gammaproteobacteria; Candidatus Thioglobus	Bacteria; Proteobacteria; Gammaproteobacteria; unclassified Gammaproteobacteria; Candidatus Thioglobus	1.15367	1.0	0.0
scaffold152903	napA	Bacteria; Proteobacteria; Gammaproteobacteria; unclassified Gammaproteobacteria; Candidatus Thioglobus	Bacteria; Proteobacteria; Gammaproteobacteria; unclassified Gammaproteobacteria; Candidatus Thioglobus	1.43792	1.0	0.0
scaffold154612	napA	Bacteria; Proteobacteria; Gammaproteobacteria; unclassified Gammaproteobacteria; Candidatus Thioglobus	Bacteria; Proteobacteria; Gammaproteobacteria; unclassified Gammaproteobacteria; Candidatus Thioglobus	3.93059	1.0	0.0
scaffold159698	napA	Bacteria; Firmicutes; Clostridia; Clostridiales; Symbiobacteriaceae; Symbiobacterium; Symbiobacterium thermophilum	Bacteria; Firmicutes; Clostridia; Clostridiales; Symbiobacteriaceae	0.83052	0.999999	0.0
scaffold161408	napA	Bacteria; Proteobacteria; Gammaproteobacteria; unclassified Gammaproteobacteria; Candidatus Thioglobus	Bacteria; Proteobacteria; Gammaproteobacteria; unclassified Gammaproteobacteria; Candidatus Thioglobus	2.32632	1.0	0.0
scaffold163151	napA	Bacteria; Proteobacteria; Alphaproteobacteria; Magnetococcales; Magnetococcaceae; Magnetococcus; Magnetococcus marinus	Bacteria; Proteobacteria; Alphaproteobacteria; Magnetococcales; Magnetococcaceae	0.69523	0.770546	0.0
scaffold166350	napA	Bacteria; Firmicutes; Clostridia; Clostridiales; Symbiobacteriaceae; Symbiobacterium; Symbiobacterium thermophilum	Bacteria; Firmicutes; Clostridia; Clostridiales; Symbiobacteriaceae	1.18674	0.305119	0.0
scaffold16702	napA	Bacteria	Bacteria	1.59521	0.42693	0.28125
scaffold170472	napA	Bacteria; Proteobacteria; Gammaproteobacteria; unclassified Gammaproteobacteria; Candidatus Thioglobus	Bacteria; Proteobacteria; Gammaproteobacteria; unclassified Gammaproteobacteria; Candidatus Thioglobus	46.8139	1.0	0.0
scaffold17144	napA	Bacteria; Bacteroidetes; Cytophagia; Cytophagales; Flammeovirgaceae; Flammeovirga	Bacteria; Bacteroidetes; Cytophagia; Cytophagales; Flammeovirgaceae	1.6399	0.818332	0.0
scaffold173231	napA	Bacteria	Bacteria	0.762313	0.978664	0.28125
scaffold173509	napA	Bacteria; Firmicutes; Clostridia; Clostridiales; Symbiobacteriaceae; Symbiobacterium; Symbiobacterium thermophilum	Bacteria; Firmicutes; Clostridia; Clostridiales; Symbiobacteriaceae	1.60086	0.901323	0.0
scaffold174365	napA	Bacteria	Bacteria	5.01055	0.989731	0.28125
scaffold17525	napA	Bacteria; Proteobacteria	Bacteria; Proteobacteria	2.13094	0.643847	0.20392
scaffold17773	napA	Bacteria; Proteobacteria; Gammaproteobacteria; unclassified Gammaproteobacteria; Candidatus Thioglobus	Bacteria; Proteobacteria; Gammaproteobacteria; unclassified Gammaproteobacteria; Candidatus Thioglobus	4.47669	1.0	0.0
scaffold179344	napA	Bacteria	Bacteria	4.71012	0.932101	0.28125
scaffold185143	napA	Bacteria; Proteobacteria; Gammaproteobacteria; unclassified Gammaproteobacteria; Candidatus Thioglobus	Bacteria; Proteobacteria; Gammaproteobacteria; unclassified Gammaproteobacteria; Candidatus Thioglobus	3.89774	1.0	0.0
scaffold18575	napA	Bacteria; Firmicutes; Clostridia; Clostridiales; Symbiobacteriaceae; Symbiobacterium; Symbiobacterium thermophilum	Bacteria; Firmicutes; Clostridia; Clostridiales; Symbiobacteriaceae	1.53665	0.988429	0.0
scaffold187404	napA	Bacteria; Proteobacteria; Alphaproteobacteria; Rhodobacterales; Rhodobacteraceae	Bacteria; Proteobacteria; Alphaproteobacteria; Rhodobacterales; Rhodobacteraceae	0.641011	0.312134	0.09375
scaffold19171	napA	Bacteria; Firmicutes; Clostridia; Clostridiales; Symbiobacteriaceae; Symbiobacterium; Symbiobacterium thermophilum	Bacteria; Firmicutes; Clostridia; Clostridiales; Symbiobacteriaceae	3.53874	0.99724	0.0
scaffold199912	napA	Bacteria; Proteobacteria; Gammaproteobacteria; Oceanospirillales; Endozoicomonaceae; Endozoicomonas	Bacteria; Proteobacteria; Gammaproteobacteria; Oceanospirillales; Endozoicomonaceae	0.751299	0.403727	0.0
scaffold215562	napA	Bacteria; Firmicutes; Clostridia; Clostridiales; Symbiobacteriaceae; Symbiobacterium; Symbiobacterium thermophilum	Bacteria; Firmicutes; Clostridia; Clostridiales; Symbiobacteriaceae	0.958337	0.813889	0.0
scaffold21704	napA	Bacteria; Proteobacteria; Gammaproteobacteria; unclassified Gammaproteobacteria; Candidatus Thioglobus	Bacteria; Proteobacteria; Gammaproteobacteria; unclassified Gammaproteobacteria; Candidatus Thioglobus	52.8504	1.0	0.0
scaffold21933	napA	Bacteria; Firmicutes; Clostridia; Clostridiales; Symbiobacteriaceae; Symbiobacterium; Symbiobacterium thermophilum	Bacteria; Firmicutes; Clostridia; Clostridiales; Symbiobacteriaceae	1.79323	0.999965	0.0
scaffold219714	napA	Bacteria; Proteobacteria; Gammaproteobacteria; unclassified Gammaproteobacteria; Candidatus Thioglobus	Bacteria; Proteobacteria; Gammaproteobacteria; unclassified Gammaproteobacteria; Candidatus Thioglobus	28.6116	1.0	0.0
scaffold231662	napA	Bacteria; Proteobacteria; Gammaproteobacteria; unclassified Gammaproteobacteria; Candidatus Thioglobus	Bacteria; Proteobacteria; Gammaproteobacteria; unclassified Gammaproteobacteria; Candidatus Thioglobus	1.05199	0.992867	0.0
scaffold235512	napA	Bacteria; Proteobacteria; Gammaproteobacteria; unclassified Gammaproteobacteria; Candidatus Thioglobus	Bacteria; Proteobacteria; Gammaproteobacteria; unclassified Gammaproteobacteria; Candidatus Thioglobus	1.66323	0.999726	0.0
scaffold24277	napA	Bacteria; Acidobacteria; unclassified Acidobacteria; Acidobacteria subdivision 22	Bacteria; Acidobacteria; unclassified Acidobacteria; Acidobacteria subdivision 22	2.85029	0.872763	0.0
scaffold24663	napA	Bacteria; Proteobacteria; Gammaproteobacteria; unclassified Gammaproteobacteria; Candidatus Thioglobus	Bacteria; Proteobacteria; Gammaproteobacteria; unclassified Gammaproteobacteria; Candidatus Thioglobus	44.166	1.0	0.0
scaffold28107	napA	Bacteria; Thermodesulfobacteria; Thermodesulfobacteria; Thermodesulfobacteriales; Thermodesulfobacteriaceae; Caldimicrobium	Bacteria; Thermodesulfobacteria; Thermodesulfobacteria; Thermodesulfobacteriales; Thermodesulfobacteriaceae	6.60043	0.403607	0.0
scaffold28895	napA	Bacteria; Bacteroidetes; Bacteroidetes Order II. Incertae sedis; Rhodothermaceae; Rhodothermus; Rhodothermus marinus	Bacteria; Bacteroidetes; Bacteroidetes Order II. Incertae sedis; Rhodothermaceae; Rhodothermus	4.73181	0.375281	0.0
scaffold30387	napA	Bacteria; unclassified Bacteria; Bacteria candidate phyla; candidate division NC10; Candidatus Methylomirabilis	Bacteria; unclassified Bacteria; Bacteria candidate phyla; candidate division NC10; Candidatus Methylomirabilis	1.50476	0.489078	0.0
scaffold31513	napA	Bacteria; Firmicutes; Negativicutes; Selenomonadales; Selenomonadaceae; Selenomonas; Selenomonas ruminantium; Selenomonas ruminantium subsp. lactilytica	Bacteria; Firmicutes; Negativicutes; Selenomonadales; Selenomonadaceae	1.99817	0.290338	0.0
scaffold33914	napA	Bacteria; Proteobacteria; Alphaproteobacteria; Rhizobiales; Bradyrhizobiaceae; Bradyrhizobium; Bradyrhizobium diazoefficiens	Bacteria; Proteobacteria; Alphaproteobacteria; Rhizobiales; Bradyrhizobiaceae	1.98017	0.521592	0.0
scaffold35753	napA	Bacteria; Firmicutes; Clostridia; Clostridiales; Symbiobacteriaceae; Symbiobacterium; Symbiobacterium thermophilum	Bacteria; Firmicutes; Clostridia; Clostridiales; Symbiobacteriaceae	1.58393	0.816562	0.0
scaffold37955	napA	Bacteria; Firmicutes; Clostridia; Clostridiales; Symbiobacteriaceae; Symbiobacterium; Symbiobacterium thermophilum	Bacteria; Firmicutes; Clostridia; Clostridiales; Symbiobacteriaceae	2.48245	0.999771	0.0
scaffold38856	napA	Bacteria; Proteobacteria; Deltaproteobacteria	Bacteria; Proteobacteria; Deltaproteobacteria	2.25961	0.857647	0.21875
scaffold39371	napA	unclassified sequences; metagenomes; ecological metagenomes	unclassified sequences; metagenomes; ecological metagenomes	1.16092	0.616066	0.0
scaffold45180	napA	Bacteria	Bacteria	2.98943	0.742115	0.4375
scaffold51095	napA	Bacteria; Firmicutes; Clostridia; Clostridiales; unclassified Clostridiales; unclassified Clostridiales 	Bacteria; Firmicutes; Clostridia; Clostridiales; unclassified Clostridiales	2.2164	0.310788	0.0
scaffold51453	napA	Bacteria	Bacteria	1.75356	0.451246	0.42188
scaffold53594	napA	Bacteria; Firmicutes; Clostridia; Clostridiales; Symbiobacteriaceae; Symbiobacterium; Symbiobacterium thermophilum	Bacteria; Firmicutes; Clostridia; Clostridiales; Symbiobacteriaceae	2.62736	0.998902	0.0
scaffold55652	napA	Bacteria; Firmicutes; Clostridia; Clostridiales; Symbiobacteriaceae; Symbiobacterium; Symbiobacterium thermophilum	Bacteria; Firmicutes; Clostridia; Clostridiales; Symbiobacteriaceae	1.99252	0.999986	0.0
scaffold58010	napA	unclassified sequences; metagenomes; ecological metagenomes	unclassified sequences; metagenomes; ecological metagenomes	1.59256	0.435977	0.0
scaffold58697	napA	Bacteria; Firmicutes; Clostridia; Clostridiales; Symbiobacteriaceae; Symbiobacterium; Symbiobacterium thermophilum	Bacteria; Firmicutes; Clostridia; Clostridiales; Symbiobacteriaceae	0.878185	0.533833	0.0
scaffold60340	napA	Bacteria	Bacteria	1.32116	0.696862	0.39062
scaffold61062	napA	Bacteria; Deferribacteres; Deferribacteres; Deferribacterales; Deferribacteraceae	Bacteria; Deferribacteres; Deferribacteres; Deferribacterales; Deferribacteraceae	1.78381	0.905402	0.075
scaffold61609	napA	Bacteria; Firmicutes; Clostridia; Clostridiales; Symbiobacteriaceae; Symbiobacterium; Symbiobacterium thermophilum	Bacteria; Firmicutes; Clostridia; Clostridiales; Symbiobacteriaceae	4.02042	0.754077	0.0
scaffold62576	napA	Bacteria	Bacteria	1.63069	0.449977	0.375
scaffold64792	napA	Bacteria; Proteobacteria; Deltaproteobacteria; Myxococcales; Cystobacterineae; Archangiaceae; Cystobacter; Cystobacter fuscus	Bacteria; Proteobacteria; Deltaproteobacteria; Myxococcales; Cystobacterineae	3.25254	0.525033	0.0
scaffold66317	napA	Bacteria; Proteobacteria; Deltaproteobacteria; Myxococcales; Cystobacterineae; Archangiaceae; Cystobacter; Cystobacter fuscus	Bacteria; Proteobacteria; Deltaproteobacteria; Myxococcales; Cystobacterineae	1.91897	0.617648	0.0
scaffold70558	napA	Bacteria; Proteobacteria; Deltaproteobacteria; unclassified Deltaproteobacteria; Dissulfuribacter	Bacteria; Proteobacteria; Deltaproteobacteria; unclassified Deltaproteobacteria; Dissulfuribacter	2.36302	0.47371	0.0
scaffold71971	napA	Bacteria	Bacteria	1.28504	0.617791	0.39062
scaffold79930	napA	Bacteria; Proteobacteria; Gammaproteobacteria; unclassified Gammaproteobacteria; Candidatus Thioglobus	Bacteria; Proteobacteria; Gammaproteobacteria; unclassified Gammaproteobacteria; Candidatus Thioglobus	45.867	1.0	0.0
scaffold79986	napA	Bacteria; Proteobacteria; Gammaproteobacteria; unclassified Gammaproteobacteria; Candidatus Thioglobus	Bacteria; Proteobacteria; Gammaproteobacteria; unclassified Gammaproteobacteria; Candidatus Thioglobus	7.2949	1.0	0.0
scaffold81292	napA	Bacteria; Proteobacteria	Bacteria; Proteobacteria	0.871589	0.439277	0.20392
scaffold84405	napA	Bacteria; Deferribacteres; Deferribacteres; Deferribacterales; Deferribacteraceae	Bacteria; Deferribacteres; Deferribacteres; Deferribacterales; Deferribacteraceae	1.73707	0.935181	0.075
scaffold86077	napA	Bacteria; Thermodesulfobacteria; Thermodesulfobacteria; Thermodesulfobacteriales; Thermodesulfobacteriaceae; Caldimicrobium	Bacteria; Thermodesulfobacteria; Thermodesulfobacteria; Thermodesulfobacteriales; Thermodesulfobacteriaceae	1.07334	0.763433	0.0
scaffold89163	napA	Bacteria; Firmicutes; Clostridia; Clostridiales; Symbiobacteriaceae; Symbiobacterium; Symbiobacterium thermophilum	Bacteria; Firmicutes; Clostridia; Clostridiales; Symbiobacteriaceae	0.848247	1.0	0.0
scaffold90616	napA	Bacteria; Firmicutes; Clostridia; Clostridiales; Peptococcaceae; Desulfitobacterium	Bacteria; Firmicutes; Clostridia; Clostridiales; Peptococcaceae	2.03936	0.246282	0.0
scaffold90762	napA	Bacteria; Bacteroidetes	Bacteria; Bacteroidetes	0.832762	0.557487	0.325
scaffold92777	napA	Bacteria; Firmicutes; Clostridia; Clostridiales; Symbiobacteriaceae; Symbiobacterium; Symbiobacterium thermophilum	Bacteria; Firmicutes; Clostridia; Clostridiales; Symbiobacteriaceae	1.20264	0.993393	0.0
scaffold93458	napA	Bacteria; Proteobacteria; Gammaproteobacteria; unclassified Gammaproteobacteria; Candidatus Thioglobus	Bacteria; Proteobacteria; Gammaproteobacteria; unclassified Gammaproteobacteria; Candidatus Thioglobus	1.6196	1.0	0.0
scaffold93723	napA	Bacteria; Proteobacteria; Gammaproteobacteria; unclassified Gammaproteobacteria; Candidatus Thioglobus	Bacteria; Proteobacteria; Gammaproteobacteria; unclassified Gammaproteobacteria; Candidatus Thioglobus	2.41655	1.0	0.0
scaffold93841	napA	Bacteria; Firmicutes; Clostridia; Clostridiales; Symbiobacteriaceae; Symbiobacterium; Symbiobacterium thermophilum	Bacteria; Firmicutes; Clostridia; Clostridiales; Symbiobacteriaceae	0.77305	0.996139	0.0
scaffold96458	napA	Bacteria	Bacteria	1.86012	0.729021	0.28125
scaffold99634	napA	Bacteria; Deferribacteres; Deferribacteres; Deferribacterales; Deferribacteraceae	Bacteria; Deferribacteres; Deferribacteres; Deferribacterales; Deferribacteraceae	1.44579	0.850902	0.075
scaffold01702	nirS	Bacteria; Proteobacteria; Gammaproteobacteria; Oceanospirillales; Oceanospirillaceae; Oleispira; Oleispira antarctica	Bacteria; Proteobacteria; Gammaproteobacteria; Oceanospirillales; Oceanospirillaceae; Oleispira	0	0.360812	0.0
scaffold03997	nirS	Bacteria; Proteobacteria; Gammaproteobacteria; Alteromonadales; Colwelliaceae	Bacteria; Proteobacteria; Gammaproteobacteria; Alteromonadales; Colwelliaceae	31.3268	0.724345	0.05
scaffold05100	nirS	Bacteria	Bacteria	9.42855	0.999999	0.1875
scaffold07513	nirS	Bacteria; Proteobacteria; Deltaproteobacteria; unclassified Deltaproteobacteria; unclassified Deltaproteobacteria 	Bacteria; Proteobacteria; Deltaproteobacteria; unclassified Deltaproteobacteria; unclassified Deltaproteobacteria 	5.8225	0.998963	0.0
scaffold113799	nirS	Bacteria; Proteobacteria	Bacteria; Proteobacteria	2.44587	0.557167	0.15645
scaffold122423	nirS	Bacteria; Proteobacteria; Gammaproteobacteria; unclassified Gammaproteobacteria	Bacteria; Proteobacteria; Gammaproteobacteria; unclassified Gammaproteobacteria	1.03675	0.705179	0.01562
scaffold135955	nirS	Bacteria; Proteobacteria; Gammaproteobacteria; unclassified Gammaproteobacteria	Bacteria; Proteobacteria; Gammaproteobacteria; unclassified Gammaproteobacteria	1.62868	0.893082	0.01562
scaffold149215	nirS	Bacteria; Proteobacteria; Alphaproteobacteria; Rhizobiales; Bradyrhizobiaceae; Bradyrhizobium; Bradyrhizobium oligotrophicum	Bacteria; Proteobacteria; Alphaproteobacteria; Rhizobiales; Bradyrhizobiaceae; Bradyrhizobium	1.10812	0.541989	0.0
scaffold16276	nirS	Bacteria; Chloroflexi; Anaerolineae; Anaerolineales; Anaerolineaceae	Bacteria; Chloroflexi; Anaerolineae; Anaerolineales; Anaerolineaceae	2.39549	0.557795	0.02083
scaffold167741	nirS	Bacteria; Proteobacteria; Alphaproteobacteria; Rhodospirillales; Rhodospirillaceae; Caenispirillum; Caenispirillum salinarum	Bacteria; Proteobacteria; Alphaproteobacteria; Rhodospirillales; Rhodospirillaceae; Caenispirillum	0.933445	0.425984	0.0
scaffold171217	nirS	Bacteria; Proteobacteria; Gammaproteobacteria; unclassified Gammaproteobacteria	Bacteria; Proteobacteria; Gammaproteobacteria; unclassified Gammaproteobacteria	2.11247	0.745826	0.01562
scaffold181050	nirS	Bacteria; Proteobacteria; Alphaproteobacteria; Rhodobacterales; Rhodobacteraceae	Bacteria; Proteobacteria; Alphaproteobacteria; Rhodobacterales; Rhodobacteraceae	1.6466	0.797459	0.07129
scaffold23364	nirS	Bacteria; Proteobacteria; Gammaproteobacteria; Alteromonadales; Colwelliaceae	Bacteria; Proteobacteria; Gammaproteobacteria; Alteromonadales; Colwelliaceae	21.9856	0.976011	0.05
scaffold24789	nirS	Bacteria; Proteobacteria; Gammaproteobacteria; Alteromonadales; Colwelliaceae	Bacteria; Proteobacteria; Gammaproteobacteria; Alteromonadales; Colwelliaceae	1.21373	0.999986	0.05
scaffold32580	nirS	Bacteria; Proteobacteria; Gammaproteobacteria	Bacteria; Proteobacteria; Gammaproteobacteria	16.5566	0.544291	0.07143
scaffold71790	nirS	Bacteria; Proteobacteria	Bacteria; Proteobacteria	2.49978	0.48193	0.16864
scaffold76550	nirS	Bacteria; Proteobacteria; Gammaproteobacteria; Alteromonadales; Colwelliaceae	Bacteria; Proteobacteria; Gammaproteobacteria; Alteromonadales; Colwelliaceae	1.49382	0.999942	0.05
scaffold81205	nirS	Bacteria; Proteobacteria; Alphaproteobacteria; Rhodobacterales; Rhodobacteraceae	Bacteria; Proteobacteria; Alphaproteobacteria; Rhodobacterales; Rhodobacteraceae	28.6068	0.490254	0.07129
scaffold90807	nirS	Bacteria; Proteobacteria; Gammaproteobacteria; Alteromonadales; Colwelliaceae	Bacteria; Proteobacteria; Gammaproteobacteria; Alteromonadales; Colwelliaceae	21.1723	0.999978	0.05
scaffold90884	nirS	Bacteria; Proteobacteria; Gammaproteobacteria; Alteromonadales; Colwelliaceae	Bacteria; Proteobacteria; Gammaproteobacteria; Alteromonadales; Colwelliaceae	21.1976	0.999972	0.05
scaffold97383	nirS	Bacteria; Proteobacteria; Gammaproteobacteria; unclassified Gammaproteobacteria	Bacteria; Proteobacteria; Gammaproteobacteria; unclassified Gammaproteobacteria	18.9273	0.418295	0.01562
scaffold97975	nirS	Bacteria; Proteobacteria; Gammaproteobacteria; unclassified Gammaproteobacteria; Sedimenticola	Bacteria; Proteobacteria; Gammaproteobacteria; unclassified Gammaproteobacteria; Sedimenticola	1.79869	0.969733	0.0
scaffold00051	narG	Bacteria; Proteobacteria; Betaproteobacteria; Burkholderiales; unclassified Burkholderiales; Burkholderiales Genera incertae sedis; Thiomonas	Bacteria; Proteobacteria; Betaproteobacteria; Burkholderiales; unclassified Burkholderiales	7.09306	0.999534	0.25391
scaffold00130	narG	Bacteria; Proteobacteria; Betaproteobacteria; Rhodocyclales; Rhodocyclaceae; Aromatoleum; Aromatoleum aromaticum	Bacteria; Proteobacteria; Betaproteobacteria; Rhodocyclales; Rhodocyclaceae	4.74082	1.0	0.0
scaffold00409	narG	Bacteria; unclassified Bacteria; Bacteria candidate phyla; candidate division NC10; Candidatus Methylomirabilis	Bacteria; unclassified Bacteria; Bacteria candidate phyla; candidate division NC10; Candidatus Methylomirabilis	8.42561	0.999203	0.0
scaffold163167	narG	Bacteria; Proteobacteria; Gammaproteobacteria; unclassified Gammaproteobacteria; Candidatus Thioglobus; environmental samples	Bacteria; Proteobacteria; Gammaproteobacteria; unclassified Gammaproteobacteria; Candidatus Thioglobus	1.71978	1.0	0.0
scaffold164656	narG	Bacteria; Deinococcus-Thermus; Deinococci; Thermales; Thermaceae	Bacteria; Deinococcus-Thermus; Deinococci; Thermales; Thermaceae	0.884079	0.509185	0.03125
scaffold16762	narG	Bacteria; Actinobacteria; Actinobacteria; Micrococcales; Micrococcaceae; Kocuria	Bacteria; Actinobacteria; Actinobacteria; Micrococcales; Micrococcaceae	3.62614	0.400894	0.0
scaffold168775	narG	Bacteria; Proteobacteria; Deltaproteobacteria; unclassified Deltaproteobacteria; unclassified Deltaproteobacteria 	Bacteria; Proteobacteria; Deltaproteobacteria; unclassified Deltaproteobacteria; unclassified Deltaproteobacteria 	1.04903	0.590772	0.0
scaffold169257	narG	Bacteria; Candidatus Omnitrophica; unclassified Candidatus Omnitrophica	Bacteria; Candidatus Omnitrophica; unclassified Candidatus Omnitrophica	0.824235	0.999614	0.0
scaffold169853	narG	Bacteria; Deinococcus-Thermus; Deinococci; Thermales; Thermaceae; Oceanithermus; Oceanithermus profundus	Bacteria; Deinococcus-Thermus; Deinococci; Thermales; Thermaceae	0.864651	0.756311	0.0
scaffold171577	narG	Bacteria; Candidatus Omnitrophica; unclassified Candidatus Omnitrophica	Bacteria; Candidatus Omnitrophica; unclassified Candidatus Omnitrophica	0.908467	0.999975	0.0
scaffold171588	narG	unclassified sequences; metagenomes; ecological metagenomes	unclassified sequences; metagenomes; ecological metagenomes	0.832762	0.85476	0.0
scaffold173347	narG	unclassified sequences; metagenomes; ecological metagenomes	unclassified sequences; metagenomes; ecological metagenomes	0.571735	0.551869	0.0
scaffold176279	narG	Bacteria; Proteobacteria; Gammaproteobacteria; unclassified Gammaproteobacteria; Candidatus Thioglobus; environmental samples	Bacteria; Proteobacteria; Gammaproteobacteria; unclassified Gammaproteobacteria; Candidatus Thioglobus	132.19	1.0	0.0
scaffold177325	narG	Bacteria; unclassified Bacteria; Bacteria candidate phyla; Candidatus Acetothermia; Candidatus Acetothermum	Bacteria; unclassified Bacteria; Bacteria candidate phyla; Candidatus Acetothermia; Candidatus Acetothermum	0.695745	0.995018	0.06641
scaffold17768	narG	Bacteria; unclassified Bacteria; Bacteria candidate phyla; Candidatus Saccharibacteria; unclassified Saccharibacteria	Bacteria; unclassified Bacteria; Bacteria candidate phyla; Candidatus Saccharibacteria; unclassified Saccharibacteria	1.28428	0.652703	0.0
scaffold180811	narG	Bacteria; Candidatus Omnitrophica; unclassified Candidatus Omnitrophica	Bacteria; Candidatus Omnitrophica; unclassified Candidatus Omnitrophica	1.60167	0.99945	0.0
scaffold18475	narG	Bacteria; Chlorobi; unclassified Chlorobi	Bacteria; Chlorobi; unclassified Chlorobi	1.51756	0.564903	0.0
scaffold191478	narG	Bacteria; unclassified Bacteria; Bacteria candidate phyla; Candidatus Saccharibacteria; unclassified Saccharibacteria	Bacteria; unclassified Bacteria; Bacteria candidate phyla; Candidatus Saccharibacteria; unclassified Saccharibacteria	0.526587	0.664675	0.0
scaffold194102	narG	Bacteria; Deinococcus-Thermus; Deinococci; Thermales; Thermaceae	Bacteria; Deinococcus-Thermus; Deinococci; Thermales; Thermaceae	0.696322	0.97918	0.03125
scaffold198201	narG	Bacteria; Proteobacteria; Gammaproteobacteria; unclassified Gammaproteobacteria	Bacteria; Proteobacteria; Gammaproteobacteria; unclassified Gammaproteobacteria	2.40258	0.510922	0.02344
scaffold204896	narG	Bacteria; Candidatus Omnitrophica; unclassified Candidatus Omnitrophica	Bacteria; Candidatus Omnitrophica; unclassified Candidatus Omnitrophica	0.847669	0.99999	0.0
scaffold21318	narG	Bacteria; Actinobacteria; Actinobacteria; Micrococcales; Micrococcaceae; Kocuria	Bacteria; Actinobacteria; Actinobacteria; Micrococcales; Micrococcaceae	3.36119	0.21938	0.0
scaffold220966	narG	Bacteria; Proteobacteria; Gammaproteobacteria; unclassified Gammaproteobacteria; Candidatus Thioglobus; environmental samples	Bacteria; Proteobacteria; Gammaproteobacteria; unclassified Gammaproteobacteria; Candidatus Thioglobus	0.929531	1.0	0.0
scaffold222625	narG	Bacteria; Proteobacteria; Gammaproteobacteria; unclassified Gammaproteobacteria; Candidatus Thioglobus; environmental samples	Bacteria; Proteobacteria; Gammaproteobacteria; unclassified Gammaproteobacteria; Candidatus Thioglobus	0.711081	0.978732	0.0
scaffold226117	narG	Bacteria; Candidatus Omnitrophica; unclassified Candidatus Omnitrophica	Bacteria; Candidatus Omnitrophica; unclassified Candidatus Omnitrophica	2.37468	0.917335	0.0
scaffold22758	narG	Bacteria; unclassified Bacteria; Bacteria candidate phyla; Candidatus Saccharibacteria; unclassified Saccharibacteria	Bacteria; unclassified Bacteria; Bacteria candidate phyla; Candidatus Saccharibacteria; unclassified Saccharibacteria	1.22873	0.999935	0.0
scaffold230167	narG	Bacteria; Proteobacteria; Gammaproteobacteria; unclassified Gammaproteobacteria; Candidatus Thioglobus; environmental samples	Bacteria; Proteobacteria; Gammaproteobacteria; unclassified Gammaproteobacteria; Candidatus Thioglobus	0.680412	0.999873	0.0
scaffold231386	narG	Bacteria; Candidatus Omnitrophica; unclassified Candidatus Omnitrophica	Bacteria; Candidatus Omnitrophica; unclassified Candidatus Omnitrophica	1.17938	0.958105	0.0
scaffold232488	narG	Bacteria; Proteobacteria; Gammaproteobacteria; unclassified Gammaproteobacteria; Candidatus Thioglobus; environmental samples	Bacteria; Proteobacteria; Gammaproteobacteria; unclassified Gammaproteobacteria; Candidatus Thioglobus	0.712813	0.941648	0.0
scaffold234023	narG	Bacteria; Proteobacteria; Gammaproteobacteria; unclassified Gammaproteobacteria; Candidatus Thioglobus; environmental samples	Bacteria; Proteobacteria; Gammaproteobacteria; unclassified Gammaproteobacteria; Candidatus Thioglobus	1.13381	0.999859	0.0
scaffold25193	narG	Bacteria; Proteobacteria; Gammaproteobacteria; unclassified Gammaproteobacteria; Candidatus Thioglobus; environmental samples	Bacteria; Proteobacteria; Gammaproteobacteria; unclassified Gammaproteobacteria; Candidatus Thioglobus	9.28348	0.999999	0.0
scaffold28140	narG	Bacteria; Proteobacteria; Gammaproteobacteria; unclassified Gammaproteobacteria; Candidatus Thioglobus; environmental samples	Bacteria; Proteobacteria; Gammaproteobacteria; unclassified Gammaproteobacteria; Candidatus Thioglobus	1.41756	1.0	0.0
scaffold29773	narG	Bacteria; Chlorobi; unclassified Chlorobi	Bacteria; Chlorobi; unclassified Chlorobi	0.93605	0.999706	0.0
scaffold32602	narG	Bacteria; Chlorobi; unclassified Chlorobi	Bacteria; Chlorobi; unclassified Chlorobi	1.11458	0.964392	0.0
scaffold34335	narG	Bacteria; Proteobacteria; Gammaproteobacteria; unclassified Gammaproteobacteria; Candidatus Thioglobus; environmental samples	Bacteria; Proteobacteria; Gammaproteobacteria; unclassified Gammaproteobacteria; Candidatus Thioglobus	1.64861	1.0	0.0
scaffold36738	narG	Bacteria; Proteobacteria; Gammaproteobacteria; unclassified Gammaproteobacteria; Candidatus Thioglobus; environmental samples	Bacteria; Proteobacteria; Gammaproteobacteria; unclassified Gammaproteobacteria; Candidatus Thioglobus	1.55617	0.999994	0.0
scaffold37684	narG	Bacteria; Chlorobi; unclassified Chlorobi	Bacteria; Chlorobi; unclassified Chlorobi	2.49484	0.976321	0.0
scaffold37969	narG	Bacteria; unclassified Bacteria; Bacteria candidate phyla; Candidatus Saccharibacteria; unclassified Saccharibacteria	Bacteria; unclassified Bacteria; Bacteria candidate phyla; Candidatus Saccharibacteria; unclassified Saccharibacteria	0.832267	0.999772	0.0
scaffold41932	narG	Bacteria; Proteobacteria; Gammaproteobacteria; unclassified Gammaproteobacteria; Candidatus Thioglobus; environmental samples	Bacteria; Proteobacteria; Gammaproteobacteria; unclassified Gammaproteobacteria; Candidatus Thioglobus	1.3626	1.0	0.0
scaffold45259	narG	Archaea; Euryarchaeota; Halobacteria	Archaea; Euryarchaeota; Halobacteria	1.72225	0.999982	0.125
scaffold46403	narG	Bacteria; Candidatus Omnitrophica; unclassified Candidatus Omnitrophica	Bacteria; Candidatus Omnitrophica; unclassified Candidatus Omnitrophica	0.983043	1.0	0.0
scaffold47472	narG	Bacteria; Candidatus Omnitrophica; unclassified Candidatus Omnitrophica	Bacteria; Candidatus Omnitrophica; unclassified Candidatus Omnitrophica	1.23079	0.999529	0.0
scaffold47969	narG	Bacteria; Proteobacteria; Gammaproteobacteria; unclassified Gammaproteobacteria; Candidatus Thioglobus; environmental samples	Bacteria; Proteobacteria; Gammaproteobacteria; unclassified Gammaproteobacteria; Candidatus Thioglobus	1.05422	0.994054	0.0
scaffold49755	narG	Bacteria; Proteobacteria	Bacteria; Proteobacteria	4.20225	0.222487	0.19625
scaffold56190	narG	Bacteria; Candidatus Omnitrophica; unclassified Candidatus Omnitrophica	Bacteria; Candidatus Omnitrophica; unclassified Candidatus Omnitrophica	1.70882	0.999963	0.0
scaffold56605	narG	Bacteria; Candidatus Omnitrophica; unclassified Candidatus Omnitrophica	Bacteria; Candidatus Omnitrophica; unclassified Candidatus Omnitrophica	1.1388	0.999999	0.0
scaffold57805	narG	Bacteria; Proteobacteria; Gammaproteobacteria; unclassified Gammaproteobacteria	Bacteria; Proteobacteria; Gammaproteobacteria; unclassified Gammaproteobacteria	0.851688	0.723534	0.07812
scaffold58076	narG	Bacteria; Candidatus Omnitrophica; unclassified Candidatus Omnitrophica	Bacteria; Candidatus Omnitrophica; unclassified Candidatus Omnitrophica	1.59256	0.999773	0.0
scaffold59324	narG	Bacteria; Candidatus Omnitrophica; unclassified Candidatus Omnitrophica	Bacteria; Candidatus Omnitrophica; unclassified Candidatus Omnitrophica	1.53798	0.999996	0.0
scaffold60531	narG	Bacteria; Candidatus Omnitrophica; unclassified Candidatus Omnitrophica	Bacteria; Candidatus Omnitrophica; unclassified Candidatus Omnitrophica	1.22619	0.997	0.0
scaffold61761	narG	Bacteria; Candidatus Omnitrophica; unclassified Candidatus Omnitrophica	Bacteria; Candidatus Omnitrophica; unclassified Candidatus Omnitrophica	1.7769	0.998212	0.0
scaffold64847	narG	Bacteria; Proteobacteria; Gammaproteobacteria; unclassified Gammaproteobacteria; Candidatus Thioglobus; environmental samples	Bacteria; Proteobacteria; Gammaproteobacteria; unclassified Gammaproteobacteria; Candidatus Thioglobus	1.24233	1.0	0.0
scaffold66380	narG	Bacteria; Proteobacteria; Gammaproteobacteria; unclassified Gammaproteobacteria; Candidatus Thioglobus; environmental samples	Bacteria; Proteobacteria; Gammaproteobacteria; unclassified Gammaproteobacteria; Candidatus Thioglobus	1.05432	0.999996	0.0
scaffold00485	narG	Bacteria; Candidatus Omnitrophica; unclassified Candidatus Omnitrophica	Bacteria; Candidatus Omnitrophica; unclassified Candidatus Omnitrophica	4.40455	0.99992	0.0
scaffold00519	narG	Bacteria; Candidatus Omnitrophica; unclassified Candidatus Omnitrophica	Bacteria; Candidatus Omnitrophica; unclassified Candidatus Omnitrophica	3.32961	0.535443	0.0
scaffold00711	narG	Bacteria; Proteobacteria; Gammaproteobacteria	Bacteria; Proteobacteria; Gammaproteobacteria	4.06802	0.772353	0.11178
scaffold00877	narG	Bacteria; Proteobacteria; Gammaproteobacteria; unclassified Gammaproteobacteria; Candidatus Thioglobus; environmental samples	Bacteria; Proteobacteria; Gammaproteobacteria; unclassified Gammaproteobacteria; Candidatus Thioglobus	25.2707	1.0	0.0
scaffold00896	narG	Bacteria; Proteobacteria; Gammaproteobacteria; unclassified Gammaproteobacteria; Candidatus Thioglobus; environmental samples	Bacteria; Proteobacteria; Gammaproteobacteria; unclassified Gammaproteobacteria; Candidatus Thioglobus	66.5573	1.0	0.0
scaffold00906	narG	Bacteria; Proteobacteria; Gammaproteobacteria; unclassified Gammaproteobacteria; Candidatus Thioglobus; environmental samples	Bacteria; Proteobacteria; Gammaproteobacteria; unclassified Gammaproteobacteria; Candidatus Thioglobus	25.8424	0.999989	0.0
scaffold00909	narG	Bacteria; Proteobacteria; Gammaproteobacteria; unclassified Gammaproteobacteria; Candidatus Thioglobus; environmental samples	Bacteria; Proteobacteria; Gammaproteobacteria; unclassified Gammaproteobacteria; Candidatus Thioglobus	5.58889	1.0	0.0
scaffold00961	narG	Bacteria; Proteobacteria; Gammaproteobacteria; unclassified Gammaproteobacteria; Candidatus Thioglobus; environmental samples	Bacteria; Proteobacteria; Gammaproteobacteria; unclassified Gammaproteobacteria; Candidatus Thioglobus	228.205	1.0	0.0
scaffold01431	narG	Bacteria; unclassified Bacteria; Bacteria candidate phyla; Candidatus Saccharibacteria; unclassified Saccharibacteria	Bacteria; unclassified Bacteria; Bacteria candidate phyla; Candidatus Saccharibacteria; unclassified Saccharibacteria	6.19728	0.988721	0.12891
scaffold01694	narG	Bacteria; Proteobacteria; Gammaproteobacteria; unclassified Gammaproteobacteria; Candidatus Thioglobus; environmental samples	Bacteria; Proteobacteria; Gammaproteobacteria; unclassified Gammaproteobacteria; Candidatus Thioglobus	24.8696	1.0	0.0
scaffold02460	narG	Bacteria; Candidatus Omnitrophica; unclassified Candidatus Omnitrophica	Bacteria; Candidatus Omnitrophica; unclassified Candidatus Omnitrophica	2.37681	1.0	0.0
scaffold03501	narG	Bacteria; Proteobacteria; Gammaproteobacteria; unclassified Gammaproteobacteria; Candidatus Thioglobus; environmental samples	Bacteria; Proteobacteria; Gammaproteobacteria; unclassified Gammaproteobacteria; Candidatus Thioglobus	218.506	1.0	0.0
scaffold04293	narG	Bacteria; Candidatus Omnitrophica; unclassified Candidatus Omnitrophica	Bacteria; Candidatus Omnitrophica; unclassified Candidatus Omnitrophica	2.00294	1.0	0.0
scaffold04952	narG	unclassified sequences; metagenomes; ecological metagenomes	unclassified sequences; metagenomes; ecological metagenomes	4.75055	0.51372	0.0
scaffold09534	narG	Bacteria; unclassified Bacteria; Bacteria candidate phyla; Candidatus Saccharibacteria; unclassified Saccharibacteria	Bacteria; unclassified Bacteria; Bacteria candidate phyla; Candidatus Saccharibacteria; unclassified Saccharibacteria	1.73415	0.977233	0.0
scaffold100106	narG	Bacteria; Candidatus Omnitrophica; unclassified Candidatus Omnitrophica	Bacteria; Candidatus Omnitrophica; unclassified Candidatus Omnitrophica	1.20777	0.999998	0.0
scaffold102801	narG	unclassified sequences; metagenomes; ecological metagenomes	unclassified sequences; metagenomes; ecological metagenomes	1.25611	0.700471	0.0
scaffold104174	narG	Bacteria; Proteobacteria; Betaproteobacteria; Rhodocyclales; Rhodocyclaceae; Aromatoleum; Aromatoleum aromaticum	Bacteria; Proteobacteria; Betaproteobacteria; Rhodocyclales; Rhodocyclaceae	1.65487	0.95909	0.0
scaffold104901	narG	Bacteria; Proteobacteria; Betaproteobacteria; Burkholderiales; unclassified Burkholderiales; Burkholderiales Genera incertae sedis; Thiomonas	Bacteria; Proteobacteria; Betaproteobacteria; Burkholderiales; unclassified Burkholderiales	0.857171	0.988746	0.0
scaffold10516	narG	Bacteria; Candidatus Omnitrophica; unclassified Candidatus Omnitrophica	Bacteria; Candidatus Omnitrophica; unclassified Candidatus Omnitrophica	2.37153	1.0	0.0
scaffold112143	narG	Bacteria; Candidatus Omnitrophica; unclassified Candidatus Omnitrophica	Bacteria; Candidatus Omnitrophica; unclassified Candidatus Omnitrophica	1.06884	0.998928	0.0
scaffold118109	narG	Bacteria; Proteobacteria; Gammaproteobacteria; unclassified Gammaproteobacteria; Candidatus Thioglobus; environmental samples	Bacteria; Proteobacteria; Gammaproteobacteria; unclassified Gammaproteobacteria; Candidatus Thioglobus	1.67046	1.0	0.0
scaffold121222	narG	Bacteria; Proteobacteria; Gammaproteobacteria; unclassified Gammaproteobacteria; Candidatus Thioglobus; environmental samples	Bacteria; Proteobacteria; Gammaproteobacteria; unclassified Gammaproteobacteria; Candidatus Thioglobus	0.909722	0.999979	0.0
scaffold12304	narG	Bacteria; Proteobacteria; Gammaproteobacteria; unclassified Gammaproteobacteria; Candidatus Thioglobus; environmental samples	Bacteria; Proteobacteria; Gammaproteobacteria; unclassified Gammaproteobacteria; Candidatus Thioglobus	6.21181	1.0	0.0
scaffold125105	narG	Bacteria; Proteobacteria; Gammaproteobacteria; unclassified Gammaproteobacteria	Bacteria; Proteobacteria; Gammaproteobacteria; unclassified Gammaproteobacteria	0.958582	0.778357	0.09896
scaffold128535	narG	Bacteria; Proteobacteria; Gammaproteobacteria; unclassified Gammaproteobacteria; Candidatus Thioglobus; environmental samples	Bacteria; Proteobacteria; Gammaproteobacteria; unclassified Gammaproteobacteria; Candidatus Thioglobus	1.22669	0.999777	0.0
scaffold128808	narG	Bacteria; Candidatus Omnitrophica; unclassified Candidatus Omnitrophica	Bacteria; Candidatus Omnitrophica; unclassified Candidatus Omnitrophica	1.23022	0.991286	0.0
scaffold131276	narG	Bacteria; unclassified Bacteria; Bacteria candidate phyla; Candidatus Saccharibacteria; unclassified Saccharibacteria	Bacteria; unclassified Bacteria; Bacteria candidate phyla; Candidatus Saccharibacteria; unclassified Saccharibacteria	1.1807	0.552899	0.0
scaffold132461	narG	Bacteria; Proteobacteria; Gammaproteobacteria; unclassified Gammaproteobacteria; sulfur-oxidizing symbionts	Bacteria; Proteobacteria; Gammaproteobacteria; unclassified Gammaproteobacteria; sulfur-oxidizing symbionts	0.898727	0.94945	0.0
scaffold132779	narG	Bacteria; Proteobacteria; Gammaproteobacteria; unclassified Gammaproteobacteria; Candidatus Thioglobus; environmental samples	Bacteria; Proteobacteria; Gammaproteobacteria; unclassified Gammaproteobacteria; Candidatus Thioglobus	1.2518	0.999999	0.0
scaffold133746	narG	Bacteria; Proteobacteria; Gammaproteobacteria; unclassified Gammaproteobacteria; Candidatus Thioglobus; environmental samples	Bacteria; Proteobacteria; Gammaproteobacteria; unclassified Gammaproteobacteria; Candidatus Thioglobus	0.613438	0.999912	0.0
scaffold135979	narG	Bacteria; Proteobacteria; Gammaproteobacteria; unclassified Gammaproteobacteria; Candidatus Thioglobus; environmental samples	Bacteria; Proteobacteria; Gammaproteobacteria; unclassified Gammaproteobacteria; Candidatus Thioglobus	0.912062	0.999989	0.0
scaffold136001	narG	Bacteria; Proteobacteria; Betaproteobacteria; Rhodocyclales; Rhodocyclaceae; Aromatoleum; Aromatoleum aromaticum	Bacteria; Proteobacteria; Betaproteobacteria; Rhodocyclales; Rhodocyclaceae	0.912062	0.74308	0.0
scaffold137976	narG	Bacteria; Candidatus Omnitrophica; unclassified Candidatus Omnitrophica	Bacteria; Candidatus Omnitrophica; unclassified Candidatus Omnitrophica	1.87337	1.0	0.0
scaffold14251	narG	Bacteria; Proteobacteria; Gammaproteobacteria; unclassified Gammaproteobacteria; Candidatus Thioglobus; environmental samples	Bacteria; Proteobacteria; Gammaproteobacteria; unclassified Gammaproteobacteria; Candidatus Thioglobus	28.6163	1.0	0.0
scaffold148817	narG	Bacteria; Proteobacteria; Gammaproteobacteria; unclassified Gammaproteobacteria; Candidatus Thioglobus; environmental samples	Bacteria; Proteobacteria; Gammaproteobacteria; unclassified Gammaproteobacteria; Candidatus Thioglobus	1.20819	1.0	0.0
scaffold153128	narG	Bacteria; Proteobacteria; Gammaproteobacteria; unclassified Gammaproteobacteria; Candidatus Thioglobus; environmental samples	Bacteria; Proteobacteria; Gammaproteobacteria; unclassified Gammaproteobacteria; Candidatus Thioglobus	2.67396	1.0	0.0
scaffold159598	narG	Bacteria; Proteobacteria; Gammaproteobacteria; unclassified Gammaproteobacteria; sulfur-oxidizing symbionts	Bacteria; Proteobacteria; Gammaproteobacteria; unclassified Gammaproteobacteria; sulfur-oxidizing symbionts	0.722192	0.747703	0.0
scaffold159735	narG	Bacteria; unclassified Bacteria; Bacteria candidate phyla; Candidatus Saccharibacteria; unclassified Saccharibacteria	Bacteria; unclassified Bacteria; Bacteria candidate phyla; Candidatus Saccharibacteria; unclassified Saccharibacteria	0.758301	0.647165	0.0
scaffold67838	narG	Bacteria; Proteobacteria; Gammaproteobacteria; unclassified Gammaproteobacteria; Candidatus Thioglobus; environmental samples	Bacteria; Proteobacteria; Gammaproteobacteria; unclassified Gammaproteobacteria; Candidatus Thioglobus	4.91146	0.79663	0.0
scaffold68053	narG	Bacteria; unclassified Bacteria; Bacteria candidate phyla; Candidatus Saccharibacteria; unclassified Saccharibacteria	Bacteria; unclassified Bacteria; Bacteria candidate phyla; Candidatus Saccharibacteria; unclassified Saccharibacteria	0.925291	0.856109	0.0
scaffold71816	narG	Bacteria; Proteobacteria; Gammaproteobacteria; unclassified Gammaproteobacteria; Candidatus Thioglobus; environmental samples	Bacteria; Proteobacteria; Gammaproteobacteria; unclassified Gammaproteobacteria; Candidatus Thioglobus	1.04339	0.999992	0.0
scaffold75210	narG	Bacteria; Proteobacteria; Gammaproteobacteria; unclassified Gammaproteobacteria; Candidatus Thioglobus; environmental samples	Bacteria; Proteobacteria; Gammaproteobacteria; unclassified Gammaproteobacteria; Candidatus Thioglobus	49.4203	0.999967	0.0
scaffold76229	narG	Bacteria; unclassified Bacteria; Bacteria candidate phyla; Candidatus Saccharibacteria; unclassified Saccharibacteria	Bacteria; unclassified Bacteria; Bacteria candidate phyla; Candidatus Saccharibacteria; unclassified Saccharibacteria	1.31005	0.537038	0.12891
scaffold77306	narG	Bacteria; Proteobacteria; Gammaproteobacteria; unclassified Gammaproteobacteria; Candidatus Thioglobus; environmental samples	Bacteria; Proteobacteria; Gammaproteobacteria; unclassified Gammaproteobacteria; Candidatus Thioglobus	7.21952	0.999924	0.0
scaffold80366	narG	Bacteria; Candidatus Omnitrophica; unclassified Candidatus Omnitrophica	Bacteria; Candidatus Omnitrophica; unclassified Candidatus Omnitrophica	1.56485	1.0	0.0
scaffold80746	narG	Bacteria; Proteobacteria; Gammaproteobacteria; unclassified Gammaproteobacteria; Candidatus Thioglobus; environmental samples	Bacteria; Proteobacteria; Gammaproteobacteria; unclassified Gammaproteobacteria; Candidatus Thioglobus	1.19625	0.989763	0.0
scaffold83494	narG	Bacteria; unclassified Bacteria; Bacteria candidate phyla; Candidatus Saccharibacteria; unclassified Saccharibacteria	Bacteria; unclassified Bacteria; Bacteria candidate phyla; Candidatus Saccharibacteria; unclassified Saccharibacteria	1.74585	0.688502	0.12891
scaffold84990	narG	Bacteria; Proteobacteria; Gammaproteobacteria; unclassified Gammaproteobacteria; Candidatus Thioglobus; environmental samples	Bacteria; Proteobacteria; Gammaproteobacteria; unclassified Gammaproteobacteria; Candidatus Thioglobus	1.06388	1.0	0.0
scaffold85444	narG	Bacteria; Chlorobi; unclassified Chlorobi	Bacteria; Chlorobi; unclassified Chlorobi	1.0443	0.99996	0.0
scaffold87513	narG	Bacteria; unclassified Bacteria; Bacteria candidate phyla; Candidatus Acetothermia; Candidatus Acetothermum	Bacteria; unclassified Bacteria; Bacteria candidate phyla; Candidatus Acetothermia; Candidatus Acetothermum	1.30741	0.971314	0.06641
scaffold90196	narG	Archaea; Euryarchaeota; Halobacteria	Archaea; Euryarchaeota; Halobacteria	1.28111	1.0	0.125
scaffold90579	narG	Bacteria; unclassified Bacteria; Bacteria candidate phyla; Candidatus Acetothermia; Candidatus Acetothermum	Bacteria; unclassified Bacteria; Bacteria candidate phyla; Candidatus Acetothermia; Candidatus Acetothermum	1.43511	0.629809	0.0
scaffold90803	narG	Bacteria; Proteobacteria; Gammaproteobacteria; environmental samples	Bacteria; Proteobacteria; Gammaproteobacteria; environmental samples	1.71599	0.955726	0.0
scaffold01702	norC	Bacteria; Proteobacteria; Epsilonproteobacteria; Campylobacterales; Helicobacteraceae; Sulfurimonas	Bacteria; Proteobacteria; Epsilonproteobacteria; Campylobacterales; Helicobacteraceae; Sulfurimonas	2.97516	0.996271	0.01562
scaffold02599	norC	Bacteria; Proteobacteria; Gammaproteobacteria; unclassified Gammaproteobacteria; Candidatus Thioglobus; environmental samples	Bacteria; Proteobacteria; Gammaproteobacteria; unclassified Gammaproteobacteria; Candidatus Thioglobus; environmental samples	0	1.0	0.0
scaffold03760	norC	Bacteria; Bacteroidetes; Flavobacteriia; Flavobacteriales; Flavobacteriaceae; Aequorivita	Bacteria; Bacteroidetes; Flavobacteriia; Flavobacteriales; Flavobacteriaceae; Aequorivita	2.8808	0.837626	0.0
scaffold04766	norC	Bacteria; Proteobacteria; Gammaproteobacteria	Bacteria; Proteobacteria; Gammaproteobacteria	0	0.58043	0.03906
scaffold05461	norC	Bacteria; Firmicutes; Clostridia; Clostridiales; Peptococcaceae	Bacteria; Firmicutes; Clostridia; Clostridiales; Peptococcaceae	3.81664	0.270594	0.0875
scaffold06367	norC	Bacteria; Proteobacteria; Gammaproteobacteria	Bacteria; Proteobacteria; Gammaproteobacteria	83.1418	0.364253	0.07118
scaffold10626	norC	Bacteria; Proteobacteria; Gammaproteobacteria	Bacteria; Proteobacteria; Gammaproteobacteria	0	0.987262	0.03906
scaffold15682	norC	Bacteria; Chloroflexi; Ardenticatenia; Ardenticatenales; Ardenticatenaceae; Ardenticatena	Bacteria; Chloroflexi; Ardenticatenia; Ardenticatenales; Ardenticatenaceae; Ardenticatena	5.26029	0.996305	0.0
scaffold218946	norC	Bacteria; Proteobacteria	Bacteria; Proteobacteria	1.10214	0.316133	0.29087
scaffold61057	norC	Bacteria; Proteobacteria; Gammaproteobacteria	Bacteria; Proteobacteria; Gammaproteobacteria	15.1452	0.982484	0.03906
scaffold87774	norC	Bacteria; Proteobacteria; Epsilonproteobacteria; unclassified Epsilonproteobacteria; Nitratiruptor; Nitratiruptor tergarcus	Bacteria; Proteobacteria; Epsilonproteobacteria; unclassified Epsilonproteobacteria; Nitratiruptor; Nitratiruptor tergarcus	0.962057	0.441955	0.0
scaffold00808	nirK	Bacteria; Proteobacteria	Bacteria; Proteobacteria	12.8433	0.404052	0.3365
scaffold01248	nirK	Bacteria; Proteobacteria; Gammaproteobacteria; Chromatiales; Chromatiaceae; Nitrosococcus	Bacteria; Proteobacteria; Gammaproteobacteria; Chromatiales; Chromatiaceae; Nitrosococcus	65.6596	1.0	0.0
scaffold01530	nirK	Bacteria; Proteobacteria	Bacteria; Proteobacteria	26.5883	0.956081	0.3365
scaffold01724	nirK	Bacteria; Proteobacteria; Betaproteobacteria	Bacteria; Proteobacteria; Betaproteobacteria	7.03591	0.63942	0.26359
scaffold02781	nirK	Bacteria; Proteobacteria	Bacteria; Proteobacteria	2.13244	0.928731	0.36875
scaffold03636	nirK	Bacteria; Proteobacteria; Gammaproteobacteria; Chromatiales; Chromatiaceae; Nitrosococcus	Bacteria; Proteobacteria; Gammaproteobacteria; Chromatiales; Chromatiaceae; Nitrosococcus	240.081	1.0	0.0
scaffold05605	nirK	Bacteria; Proteobacteria; Alphaproteobacteria; Rhodobacterales; Rhodobacteraceae	Bacteria; Proteobacteria; Alphaproteobacteria; Rhodobacterales; Rhodobacteraceae	6.98926	0.581738	0.0625
scaffold101583	nirK	Bacteria; Bacteroidetes; Flavobacteriia; Flavobacteriales; Flavobacteriaceae; Maribacter	Bacteria; Bacteroidetes; Flavobacteriia; Flavobacteriales; Flavobacteriaceae; Maribacter	1.57206	0.999986	0.0
scaffold118576	nirK	Bacteria; Proteobacteria; Alphaproteobacteria; Rhodobacterales; Rhodobacteraceae	Bacteria; Proteobacteria; Alphaproteobacteria; Rhodobacterales; Rhodobacteraceae	0.837506	0.740769	0.0625
scaffold128980	nirK	Bacteria; Verrucomicrobia; Spartobacteria; Chthoniobacterales; Chthoniobacteraceae; Chthoniobacter; Chthoniobacter flavus	Bacteria; Verrucomicrobia; Spartobacteria; Chthoniobacterales; Chthoniobacteraceae; Chthoniobacter	2.77587	0.493372	0.0
scaffold137485	nirK	Bacteria; Proteobacteria	Bacteria; Proteobacteria	3.87821	0.971035	0.3365
scaffold147432	nirK	Bacteria; Proteobacteria; Betaproteobacteria	Bacteria; Proteobacteria; Betaproteobacteria	2.98446	0.830762	0.225
scaffold158198	nirK	Bacteria; Proteobacteria	Bacteria; Proteobacteria	4.91468	0.983227	0.3365
scaffold178086	nirK	Bacteria; Proteobacteria; Betaproteobacteria	Bacteria; Proteobacteria; Betaproteobacteria	1.4352	0.733416	0.225
scaffold184910	nirK	Bacteria; Proteobacteria; Alphaproteobacteria; Rhodobacterales; Rhodobacteraceae	Bacteria; Proteobacteria; Alphaproteobacteria; Rhodobacterales; Rhodobacteraceae	1.38702	0.580833	0.0625
scaffold19373	nirK	Bacteria; Proteobacteria; Alphaproteobacteria; Rhodobacterales; Rhodobacteraceae	Bacteria; Proteobacteria; Alphaproteobacteria; Rhodobacterales; Rhodobacteraceae	6.77556	0.961471	0.0625
scaffold19910	nirK	Bacteria; Proteobacteria; Betaproteobacteria	Bacteria; Proteobacteria; Betaproteobacteria	4.00186	0.883496	0.225
scaffold21775	nirK	Archaea; Euryarchaeota; Halobacteria; Halobacteriales; Haloarculaceae	Archaea; Euryarchaeota; Halobacteria; Halobacteriales; Haloarculaceae	2.06933	0.226798	0.08073
scaffold221327	nirK	Bacteria; Proteobacteria; Gammaproteobacteria; Pseudomonadales; Pseudomonadaceae; Pseudomonas; Pseudomonas entomophila	Bacteria; Proteobacteria; Gammaproteobacteria; Pseudomonadales; Pseudomonadaceae; Pseudomonas	2.61154	0.310883	0.0
scaffold22630	nirK	Bacteria; Proteobacteria; Alphaproteobacteria; Rhodobacterales; Rhodobacteraceae	Bacteria; Proteobacteria; Alphaproteobacteria; Rhodobacterales; Rhodobacteraceae	3.29522	0.471738	0.0625
scaffold33430	nirK	Bacteria; Proteobacteria; Betaproteobacteria	Bacteria; Proteobacteria; Betaproteobacteria	1.26358	0.899387	0.225
scaffold34344	nirK	Bacteria; Proteobacteria; Betaproteobacteria	Bacteria; Proteobacteria; Betaproteobacteria	1.50117	0.436947	0.225
scaffold40087	nirK	Bacteria; Proteobacteria; Gammaproteobacteria; Chromatiales; Chromatiaceae; Nitrosococcus	Bacteria; Proteobacteria; Gammaproteobacteria; Chromatiales; Chromatiaceae; Nitrosococcus	1.13046	1.0	0.0
scaffold45457	nirK	Bacteria; Proteobacteria; Gammaproteobacteria; Chromatiales; Chromatiaceae; Nitrosococcus	Bacteria; Proteobacteria; Gammaproteobacteria; Chromatiales; Chromatiaceae; Nitrosococcus	3.89049	0.506253	0.0
scaffold46732	nirK	Bacteria; Proteobacteria; Alphaproteobacteria; Rhizobiales	Bacteria; Proteobacteria; Alphaproteobacteria; Rhizobiales	2.83073	0.921685	0.1101
scaffold56797	nirK	Bacteria; Bacteroidetes; Flavobacteriia; Flavobacteriales; Flavobacteriaceae; unclassified Flavobacteriaceae	Bacteria; Bacteroidetes; Flavobacteriia; Flavobacteriales; Flavobacteriaceae; unclassified Flavobacteriaceae	1.79527	0.902052	0.0
scaffold65637	nirK	Bacteria; Firmicutes; Clostridia; Clostridiales; Clostridiales incertae sedis; Clostridiales Family XVII. Incertae Sedis; Thermaerobacter	Bacteria; Firmicutes; Clostridia; Clostridiales; Clostridiales incertae sedis; Clostridiales Family XVII. Incertae Sedis	1.6825	0.79948	0.01562
scaffold72601	nirK	Bacteria; Proteobacteria; Betaproteobacteria; Neisseriales; Neisseriaceae; Neisseria	Bacteria; Proteobacteria; Betaproteobacteria; Neisseriales; Neisseriaceae; Neisseria	1.79669	0.302828	0.01432
scaffold01702	norB	Bacteria; Proteobacteria	Bacteria; Proteobacteria	0	0.999937	0.15625
scaffold02599	norB	Bacteria; Proteobacteria	Bacteria; Proteobacteria	240.932	0.716491	0.15625
scaffold04766	norB	Bacteria; Proteobacteria; Betaproteobacteria; Neisseriales; Chromobacteriaceae	Bacteria; Proteobacteria; Betaproteobacteria; Neisseriales; Chromobacteriaceae	1.79601	0.979638	0.05729
scaffold06367	norB	Bacteria; Proteobacteria; Gammaproteobacteria; unclassified Gammaproteobacteria; Competibacteraceae; Candidatus Competibacter; Candidatus Competibacter denitrificans	Bacteria; Proteobacteria; Gammaproteobacteria; unclassified Gammaproteobacteria; Competibacteraceae; Candidatus Competibacter	0	0.877966	0.0
scaffold101123	norB	Bacteria; Bacteroidetes; Flavobacteriia; Flavobacteriales; Flavobacteriaceae; Muricauda; Muricauda ruestringensis	Bacteria; Bacteroidetes; Flavobacteriia; Flavobacteriales; Flavobacteriaceae; Muricauda	1.97375	0.859217	0.0
scaffold10432	norB	Bacteria; Proteobacteria; Gammaproteobacteria; unclassified Gammaproteobacteria; unclassified Gammaproteobacteria 	Bacteria; Proteobacteria; Gammaproteobacteria; unclassified Gammaproteobacteria; unclassified Gammaproteobacteria 	1.82955	0.704235	0.0
scaffold10626	norB	Bacteria; Proteobacteria; Gammaproteobacteria	Bacteria; Proteobacteria; Gammaproteobacteria	31.4723	0.648593	0.09659
scaffold107680	norB	Bacteria; Chlorobi; unclassified Chlorobi	Bacteria; Chlorobi; unclassified Chlorobi	2.3362	0.999688	0.0
scaffold109202	norB	Bacteria; Proteobacteria; Gammaproteobacteria; Chromatiales; Chromatiaceae; Thiocapsa	Bacteria; Proteobacteria; Gammaproteobacteria; Chromatiales; Chromatiaceae; Thiocapsa	14.4662	0.547307	0.0
scaffold134422	norB	Bacteria; Bacteroidetes	Bacteria; Bacteroidetes	2.23432	0.342258	0.10417
scaffold14512	norB	Bacteria; Proteobacteria; Betaproteobacteria; Neisseriales; Chromobacteriaceae	Bacteria; Proteobacteria; Betaproteobacteria; Neisseriales; Chromobacteriaceae	1.3376	0.97354	0.05729
scaffold14857	norB	Bacteria	Bacteria	1.59959	0.997065	0.125
scaffold150129	norB	Bacteria; Bacteroidetes; Flavobacteriia; Flavobacteriales; Flavobacteriaceae; Zobellia	Bacteria; Bacteroidetes; Flavobacteriia; Flavobacteriales; Flavobacteriaceae; Zobellia	3.16119	0.3724	0.0
scaffold150384	norB	Bacteria; Proteobacteria	Bacteria; Proteobacteria	12.4016	0.796072	0.15625
scaffold168331	norB	Bacteria; Proteobacteria; Betaproteobacteria; Neisseriales; Chromobacteriaceae	Bacteria; Proteobacteria; Betaproteobacteria; Neisseriales; Chromobacteriaceae	43.1998	0.625078	0.05729
scaffold172175	norB	Bacteria; Bacteroidetes; Flavobacteriia; Flavobacteriales; Flavobacteriaceae; Muricauda; Muricauda ruestringensis	Bacteria; Bacteroidetes; Flavobacteriia; Flavobacteriales; Flavobacteriaceae; Muricauda	3.02822	0.973759	0.0
scaffold17433	norB	Bacteria	Bacteria	10.8843	0.958788	0.125
scaffold19074	norB	Bacteria	Bacteria	1.51938	0.65814	0.125
scaffold208945	norB	Bacteria; Bacteroidetes	Bacteria; Bacteroidetes	1.5008	0.25389	0.10417
scaffold215338	norB	Bacteria; Proteobacteria; Gammaproteobacteria; unclassified Gammaproteobacteria; unclassified Gammaproteobacteria 	Bacteria; Proteobacteria; Gammaproteobacteria; unclassified Gammaproteobacteria; unclassified Gammaproteobacteria 	0.609851	0.911006	0.0
scaffold227850	norB	Bacteria; Proteobacteria; Gammaproteobacteria; Thiotrichales; Thiotrichaceae; Achromatium	Bacteria; Proteobacteria; Gammaproteobacteria; Thiotrichales; Thiotrichaceae; Achromatium	17.5457	0.612823	0.0
scaffold230516	norB	Bacteria; Proteobacteria; Gammaproteobacteria; Chromatiales; Chromatiaceae; Thiocapsa	Bacteria; Proteobacteria; Gammaproteobacteria; Chromatiales; Chromatiaceae; Thiocapsa	1.40618	0.326214	0.0
scaffold42260	norB	Bacteria; Proteobacteria; Gammaproteobacteria	Bacteria; Proteobacteria; Gammaproteobacteria	21.7237	0.318882	0.0625
scaffold63557	norB	Bacteria; Proteobacteria; Gammaproteobacteria; unclassified Gammaproteobacteria; unclassified Gammaproteobacteria 	Bacteria; Proteobacteria; Gammaproteobacteria; unclassified Gammaproteobacteria; unclassified Gammaproteobacteria 	1.02348	0.334569	0.0
scaffold66462	norB	Bacteria	Bacteria	2.46008	0.999675	0.125
scaffold74059	norB	Bacteria	Bacteria	0.55441	0.346998	0.125
scaffold87624	norB	Bacteria; Bacteroidetes; Flavobacteriia; Flavobacteriales; Flavobacteriaceae; Muricauda; Muricauda ruestringensis	Bacteria; Bacteroidetes; Flavobacteriia; Flavobacteriales; Flavobacteriaceae; Muricauda	2.46681	0.419727	0.0
scaffold89039	norB	Bacteria; Proteobacteria; Betaproteobacteria; Neisseriales; Chromobacteriaceae	Bacteria; Proteobacteria; Betaproteobacteria; Neisseriales; Chromobacteriaceae	16.1299	0.422167	0.05729
