Query	Marker	Taxonomy	Confident_Taxonomy	Abundance	Likelihood	WTD
scaffold02477	nirS	Bacteria; Proteobacteria; Deltaproteobacteria; unclassified Deltaproteobacteria; unclassified Deltaproteobacteria 	Bacteria; Proteobacteria; Deltaproteobacteria; unclassified Deltaproteobacteria; unclassified Deltaproteobacteria 	0.328645	0.841029	0.0
scaffold07811	nirS	Bacteria; Proteobacteria; Gammaproteobacteria; Alteromonadales; Colwelliaceae	Bacteria; Proteobacteria; Gammaproteobacteria; Alteromonadales; Colwelliaceae	1.22022	0.724345	0.05
scaffold09102	nirS	Bacteria	Bacteria	1.35073	1.0	0.1875
scaffold135243	nirS	Bacteria; Proteobacteria; Gammaproteobacteria; Alteromonadales; Colwelliaceae	Bacteria; Proteobacteria; Gammaproteobacteria; Alteromonadales; Colwelliaceae	0	0.999972	0.05
scaffold135432	nirS	Bacteria; Proteobacteria; Gammaproteobacteria; Alteromonadales; Colwelliaceae	Bacteria; Proteobacteria; Gammaproteobacteria; Alteromonadales; Colwelliaceae	0	0.999978	0.05
scaffold193173	nirS	Bacteria; Proteobacteria; Gammaproteobacteria; Oceanospirillales; Oleiphilaceae; Oleiphilus	Bacteria; Proteobacteria; Gammaproteobacteria; Oceanospirillales; Oleiphilaceae; Oleiphilus	0.572344	0.905778	0.0
scaffold273586	nirS	Bacteria; Proteobacteria; Alphaproteobacteria; Rhodobacterales; Rhodobacteraceae; Aliiroseovarius	Bacteria; Proteobacteria; Alphaproteobacteria; Rhodobacterales; Rhodobacteraceae; Aliiroseovarius	0	0.813975	0.0
scaffold84767	nirS	Bacteria; Proteobacteria; Gammaproteobacteria; unclassified Gammaproteobacteria	Bacteria; Proteobacteria; Gammaproteobacteria; unclassified Gammaproteobacteria	0	0.556727	0.01562
scaffold84774	nirS	Bacteria; Proteobacteria; Gammaproteobacteria; unclassified Gammaproteobacteria	Bacteria; Proteobacteria; Gammaproteobacteria; unclassified Gammaproteobacteria	0.469004	0.847539	0.01562
scaffold25789	narG	Bacteria; Actinobacteria; Actinobacteria; Micrococcales; Micrococcaceae; Kocuria	Bacteria; Actinobacteria; Actinobacteria; Micrococcales; Micrococcaceae	381.244	0.21938	0.0
scaffold265050	narG	Bacteria; unclassified Bacteria; Bacteria candidate phyla; Candidatus Saccharibacteria; unclassified Saccharibacteria	Bacteria; unclassified Bacteria; Bacteria candidate phyla; Candidatus Saccharibacteria; unclassified Saccharibacteria	0	0.997971	0.0
scaffold267435	narG	Bacteria; unclassified Bacteria; Bacteria candidate phyla; Candidatus Acetothermia; Candidatus Acetothermum	Bacteria; unclassified Bacteria; Bacteria candidate phyla; Candidatus Acetothermia; Candidatus Acetothermum	0	0.991829	0.06641
scaffold268497	narG	Bacteria; Proteobacteria	Bacteria; Proteobacteria	0	0.971599	0.09375
scaffold274818	narG	Bacteria; Proteobacteria; Gammaproteobacteria; unclassified Gammaproteobacteria; Candidatus Thioglobus; environmental samples	Bacteria; Proteobacteria; Gammaproteobacteria; unclassified Gammaproteobacteria; Candidatus Thioglobus	0.232885	1.0	0.0
scaffold275350	narG	Bacteria; Proteobacteria; Alphaproteobacteria; Rhodospirillales; Rhodospirillaceae; Thalassospira; Thalassospira tepidiphila	Bacteria; Proteobacteria; Alphaproteobacteria; Rhodospirillales; Rhodospirillaceae	0	0.999947	0.0
scaffold285786	narG	Bacteria; Proteobacteria; Alphaproteobacteria; Pelagibacterales; environmental samples	Bacteria; Proteobacteria; Alphaproteobacteria; Pelagibacterales; environmental samples	0	0.645632	0.0
scaffold288007	narG	Bacteria; Chlorobi; unclassified Chlorobi	Bacteria; Chlorobi; unclassified Chlorobi	0	0.975097	0.0
scaffold28828	narG	Bacteria; Proteobacteria; Gammaproteobacteria	Bacteria; Proteobacteria; Gammaproteobacteria	0.271014	0.941105	0.09375
scaffold29032	narG	Bacteria; Candidatus Omnitrophica; unclassified Candidatus Omnitrophica	Bacteria; Candidatus Omnitrophica; unclassified Candidatus Omnitrophica	0.327054	1.0	0.0
scaffold29571	narG	Bacteria; Proteobacteria; Alphaproteobacteria; Pelagibacterales; environmental samples	Bacteria; Proteobacteria; Alphaproteobacteria; Pelagibacterales; environmental samples	1.27115	1.0	0.0
scaffold296825	narG	Bacteria; Proteobacteria; Gammaproteobacteria; unclassified Gammaproteobacteria; unclassified Gammaproteobacteria 	Bacteria; Proteobacteria; Gammaproteobacteria; unclassified Gammaproteobacteria; unclassified Gammaproteobacteria 	0.243814	0.953356	0.0
scaffold299689	narG	Bacteria; unclassified Bacteria; Bacteria candidate phyla; Candidatus Saccharibacteria; unclassified Saccharibacteria	Bacteria; unclassified Bacteria; Bacteria candidate phyla; Candidatus Saccharibacteria; unclassified Saccharibacteria	0.734093	0.343671	0.0
scaffold301089	narG	Bacteria; Proteobacteria; Deltaproteobacteria	Bacteria; Proteobacteria; Deltaproteobacteria	0.122794	0.236747	0.15104
scaffold307098	narG	Bacteria; unclassified Bacteria; Bacteria candidate phyla; Candidatus Saccharibacteria; unclassified Saccharibacteria	Bacteria; unclassified Bacteria; Bacteria candidate phyla; Candidatus Saccharibacteria; unclassified Saccharibacteria	0.744889	0.790736	0.0
scaffold307134	narG	Bacteria; unclassified Bacteria; Bacteria candidate phyla; Candidatus Saccharibacteria; unclassified Saccharibacteria	Bacteria; unclassified Bacteria; Bacteria candidate phyla; Candidatus Saccharibacteria; unclassified Saccharibacteria	0	0.980271	0.0
scaffold311920	narG	Bacteria; Proteobacteria; Alphaproteobacteria; Pelagibacterales; environmental samples	Bacteria; Proteobacteria; Alphaproteobacteria; Pelagibacterales; environmental samples	7.53196	0.863406	0.0
scaffold314915	narG	Bacteria; unclassified Bacteria; Bacteria candidate phyla; Candidatus Saccharibacteria; unclassified Saccharibacteria	Bacteria; unclassified Bacteria; Bacteria candidate phyla; Candidatus Saccharibacteria; unclassified Saccharibacteria	0	0.989329	0.0
scaffold316421	narG	Bacteria; Chlorobi; unclassified Chlorobi	Bacteria; Chlorobi; unclassified Chlorobi	0	0.766892	0.0
scaffold318595	narG	Bacteria; Proteobacteria; Gammaproteobacteria; unclassified Gammaproteobacteria; sulfur-oxidizing symbionts; Calyptogena okutanii thioautotrophic gill symbiont	Bacteria; Proteobacteria; Gammaproteobacteria; unclassified Gammaproteobacteria; sulfur-oxidizing symbionts	0.761691	0.958833	0.0
scaffold327978	narG	Bacteria; unclassified Bacteria; Bacteria candidate phyla; Candidatus Saccharibacteria; unclassified Saccharibacteria	Bacteria; unclassified Bacteria; Bacteria candidate phyla; Candidatus Saccharibacteria; unclassified Saccharibacteria	0	0.766206	0.0
scaffold328160	narG	Bacteria; Deferribacteres; Deferribacteres; Deferribacterales; Deferribacteraceae	Bacteria; Deferribacteres; Deferribacteres; Deferribacterales; Deferribacteraceae	0	0.828089	0.03125
scaffold328447	narG	Bacteria; Proteobacteria; Betaproteobacteria; Burkholderiales; unclassified Burkholderiales; Burkholderiales Genera incertae sedis; Thiomonas	Bacteria; Proteobacteria; Betaproteobacteria; Burkholderiales; unclassified Burkholderiales	0	0.556946	0.0
scaffold340578	narG	unclassified sequences; metagenomes; ecological metagenomes	unclassified sequences; metagenomes; ecological metagenomes	0	0.859032	0.0
scaffold34236	narG	Archaea; Euryarchaeota; Halobacteria	Archaea; Euryarchaeota; Halobacteria	0.0619602	0.999705	0.125
scaffold344230	narG	Bacteria; Proteobacteria	Bacteria; Proteobacteria	0.529699	0.794888	0.09375
scaffold346239	narG	Bacteria; Proteobacteria; Alphaproteobacteria; Sphingomonadales; unclassified Sphingomonadales	Bacteria; Proteobacteria; Alphaproteobacteria; Sphingomonadales; unclassified Sphingomonadales	0	0.999782	0.0
scaffold346700	narG	Bacteria; Proteobacteria	Bacteria; Proteobacteria	2.12714	0.835979	0.09375
scaffold351630	narG	Bacteria; unclassified Bacteria; Bacteria candidate phyla; Candidatus Acetothermia; Candidatus Acetothermum	Bacteria; unclassified Bacteria; Bacteria candidate phyla; Candidatus Acetothermia; Candidatus Acetothermum	9.64808	0.999914	0.06641
scaffold360447	narG	Bacteria; Proteobacteria; Gammaproteobacteria; unclassified Gammaproteobacteria; Candidatus Thioglobus; environmental samples	Bacteria; Proteobacteria; Gammaproteobacteria; unclassified Gammaproteobacteria; Candidatus Thioglobus	0	1.0	0.0
scaffold362908	narG	Bacteria; Proteobacteria; Betaproteobacteria; Burkholderiales; unclassified Burkholderiales; Burkholderiales Genera incertae sedis; Thiomonas	Bacteria; Proteobacteria; Betaproteobacteria; Burkholderiales; unclassified Burkholderiales	0	0.49933	0.25391
scaffold369166	narG	Bacteria; unclassified Bacteria; Bacteria candidate phyla; Candidatus Acetothermia; Candidatus Acetothermum	Bacteria; unclassified Bacteria; Bacteria candidate phyla; Candidatus Acetothermia; Candidatus Acetothermum	1.65396	0.984104	0.06641
scaffold369854	narG	Bacteria; Proteobacteria; Gammaproteobacteria; unclassified Gammaproteobacteria; Candidatus Thioglobus; environmental samples	Bacteria; Proteobacteria; Gammaproteobacteria; unclassified Gammaproteobacteria; Candidatus Thioglobus	0	0.999854	0.0
scaffold370785	narG	Bacteria; Chlorobi; unclassified Chlorobi	Bacteria; Chlorobi; unclassified Chlorobi	0.275659	0.999949	0.0
scaffold374237	narG	Bacteria; Proteobacteria; Betaproteobacteria; Burkholderiales; Comamonadaceae; Acidovorax; Acidovorax avenae; Acidovorax avenae subsp. avenae	Bacteria; Proteobacteria; Betaproteobacteria; Burkholderiales; Comamonadaceae	0	0.960343	0.0
scaffold380515	narG	Bacteria; unclassified Bacteria; Bacteria candidate phyla; Candidatus Saccharibacteria; unclassified Saccharibacteria	Bacteria; unclassified Bacteria; Bacteria candidate phyla; Candidatus Saccharibacteria; unclassified Saccharibacteria	0.558153	0.637873	0.0
scaffold42225	narG	Bacteria; Proteobacteria; Alphaproteobacteria; Pelagibacterales; environmental samples	Bacteria; Proteobacteria; Alphaproteobacteria; Pelagibacterales; environmental samples	0.0727765	1.0	0.0
scaffold45415	narG	Bacteria; unclassified Bacteria; Bacteria candidate phyla; Candidatus Acetothermia; Candidatus Acetothermum	Bacteria; unclassified Bacteria; Bacteria candidate phyla; Candidatus Acetothermia; Candidatus Acetothermum	0.2305	1.0	0.06641
scaffold47794	narG	Bacteria; Proteobacteria; Gammaproteobacteria; unclassified Gammaproteobacteria; Candidatus Thioglobus; environmental samples	Bacteria; Proteobacteria; Gammaproteobacteria; unclassified Gammaproteobacteria; Candidatus Thioglobus	1.19604	1.0	0.0
scaffold50251	narG	Bacteria; Proteobacteria; Gammaproteobacteria; Pseudomonadales; Moraxellaceae; Psychrobacter	Bacteria; Proteobacteria; Gammaproteobacteria; Pseudomonadales; Moraxellaceae	1.243	0.717882	0.0
scaffold50505	narG	Bacteria; Proteobacteria; Alphaproteobacteria; Pelagibacterales; environmental samples	Bacteria; Proteobacteria; Alphaproteobacteria; Pelagibacterales; environmental samples	2.91106	1.0	0.0
scaffold52018	narG	unclassified sequences; metagenomes; ecological metagenomes	unclassified sequences; metagenomes; ecological metagenomes	0	0.589886	0.0
scaffold53624	narG	Archaea; Euryarchaeota; Halobacteria	Archaea; Euryarchaeota; Halobacteria	0.520179	1.0	0.125
scaffold54343	narG	Bacteria; unclassified Bacteria; Bacteria candidate phyla; Candidatus Saccharibacteria; unclassified Saccharibacteria	Bacteria; unclassified Bacteria; Bacteria candidate phyla; Candidatus Saccharibacteria; unclassified Saccharibacteria	0.350384	0.948402	0.12891
scaffold59788	narG	Bacteria; Candidatus Omnitrophica; unclassified Candidatus Omnitrophica	Bacteria; Candidatus Omnitrophica; unclassified Candidatus Omnitrophica	0.140506	1.0	0.0
scaffold64803	narG	Bacteria; unclassified Bacteria; Bacteria candidate phyla; Candidatus Saccharibacteria; unclassified Saccharibacteria	Bacteria; unclassified Bacteria; Bacteria candidate phyla; Candidatus Saccharibacteria; unclassified Saccharibacteria	0	0.999922	0.0
scaffold66046	narG	Bacteria; unclassified Bacteria; Bacteria candidate phyla; Candidatus Acetothermia; Candidatus Acetothermum	Bacteria; unclassified Bacteria; Bacteria candidate phyla; Candidatus Acetothermia; Candidatus Acetothermum	0.500271	1.0	0.06641
scaffold66208	narG	Bacteria; Candidatus Omnitrophica; unclassified Candidatus Omnitrophica	Bacteria; Candidatus Omnitrophica; unclassified Candidatus Omnitrophica	0.200405	1.0	0.0
scaffold71352	narG	Bacteria; Proteobacteria; Alphaproteobacteria; Rhizobiales; Brucellaceae; Brucella; Brucella canis	Bacteria; Proteobacteria; Alphaproteobacteria; Rhizobiales; Brucellaceae	0.210723	0.989027	0.0
scaffold72092	narG	Bacteria; Proteobacteria; Gammaproteobacteria; unclassified Gammaproteobacteria; Candidatus Thioglobus; environmental samples	Bacteria; Proteobacteria; Gammaproteobacteria; unclassified Gammaproteobacteria; Candidatus Thioglobus	2.96864	1.0	0.0
scaffold75565	narG	Bacteria; Proteobacteria; Gammaproteobacteria; unclassified Gammaproteobacteria; Candidatus Thioglobus; environmental samples	Bacteria; Proteobacteria; Gammaproteobacteria; unclassified Gammaproteobacteria; Candidatus Thioglobus	2.18565	1.0	0.0
scaffold75601	narG	Bacteria; Actinobacteria; Actinobacteria; Micrococcales; Micrococcaceae; Kocuria	Bacteria; Actinobacteria; Actinobacteria; Micrococcales; Micrococcaceae	217.363	0.21938	0.0
scaffold78887	narG	Bacteria; unclassified Bacteria; Bacteria candidate phyla; Candidatus Saccharibacteria; unclassified Saccharibacteria	Bacteria; unclassified Bacteria; Bacteria candidate phyla; Candidatus Saccharibacteria; unclassified Saccharibacteria	0	0.903413	0.0
scaffold80790	narG	Bacteria; Candidatus Omnitrophica; unclassified Candidatus Omnitrophica	Bacteria; Candidatus Omnitrophica; unclassified Candidatus Omnitrophica	1.59446	1.0	0.0
scaffold81800	narG	unclassified sequences; metagenomes; ecological metagenomes	unclassified sequences; metagenomes; ecological metagenomes	0.114663	0.4133	0.0
scaffold83475	narG	Bacteria; Proteobacteria; Gammaproteobacteria; unclassified Gammaproteobacteria; Candidatus Thioglobus; environmental samples	Bacteria; Proteobacteria; Gammaproteobacteria; unclassified Gammaproteobacteria; Candidatus Thioglobus	2.43689	1.0	0.0
scaffold90590	narG	Bacteria; Proteobacteria; Alphaproteobacteria; Pelagibacterales; environmental samples	Bacteria; Proteobacteria; Alphaproteobacteria; Pelagibacterales; environmental samples	0.244255	0.45693	0.0
scaffold90715	narG	unclassified sequences; metagenomes; ecological metagenomes	unclassified sequences; metagenomes; ecological metagenomes	0	0.996938	0.0
scaffold91423	narG	Bacteria; Proteobacteria; Gammaproteobacteria; Pseudomonadales	Bacteria; Proteobacteria; Gammaproteobacteria; Pseudomonadales	0	0.498791	0.0625
scaffold93430	narG	Bacteria; Actinobacteria; Actinobacteria; Micrococcales; Micrococcaceae; Kocuria	Bacteria; Actinobacteria; Actinobacteria; Micrococcales; Micrococcaceae	499.484	0.30725	0.0
scaffold93549	narG	Bacteria; Proteobacteria; Alphaproteobacteria; Rhizobiales; Brucellaceae; Brucella; Brucella canis	Bacteria; Proteobacteria; Alphaproteobacteria; Rhizobiales; Brucellaceae	0.623031	0.934897	0.0
scaffold00114	narG	Bacteria; Proteobacteria; Gammaproteobacteria; unclassified Gammaproteobacteria; Candidatus Thioglobus; environmental samples	Bacteria; Proteobacteria; Gammaproteobacteria; unclassified Gammaproteobacteria; Candidatus Thioglobus	1.54161	1.0	0.0
scaffold00128	narG	Bacteria; Proteobacteria; Gammaproteobacteria; unclassified Gammaproteobacteria; Candidatus Thioglobus; environmental samples	Bacteria; Proteobacteria; Gammaproteobacteria; unclassified Gammaproteobacteria; Candidatus Thioglobus	0.23536	1.0	0.0
scaffold00194	narG	Bacteria; Proteobacteria; Betaproteobacteria; Burkholderiales; unclassified Burkholderiales; Burkholderiales Genera incertae sedis; Thiomonas	Bacteria; Proteobacteria; Betaproteobacteria; Burkholderiales; unclassified Burkholderiales	1.39723	0.999534	0.25391
scaffold00370	narG	Bacteria; Proteobacteria; Gammaproteobacteria; unclassified Gammaproteobacteria; Candidatus Thioglobus; environmental samples	Bacteria; Proteobacteria; Gammaproteobacteria; unclassified Gammaproteobacteria; Candidatus Thioglobus	0.349637	1.0	0.0
scaffold00472	narG	Bacteria; Proteobacteria; Gammaproteobacteria; unclassified Gammaproteobacteria; Candidatus Thioglobus; environmental samples	Bacteria; Proteobacteria; Gammaproteobacteria; unclassified Gammaproteobacteria; Candidatus Thioglobus	0.107333	1.0	0.0
scaffold00799	narG	Bacteria; Proteobacteria; Gammaproteobacteria; unclassified Gammaproteobacteria; Candidatus Thioglobus; environmental samples	Bacteria; Proteobacteria; Gammaproteobacteria; unclassified Gammaproteobacteria; Candidatus Thioglobus	1.36658	1.0	0.0
scaffold00811	narG	Bacteria; unclassified Bacteria; Bacteria candidate phyla; candidate division NC10; Candidatus Methylomirabilis	Bacteria; unclassified Bacteria; Bacteria candidate phyla; candidate division NC10; Candidatus Methylomirabilis	0.878481	0.999203	0.0
scaffold01061	narG	Archaea; Euryarchaeota; Halobacteria	Archaea; Euryarchaeota; Halobacteria	0.837923	0.999344	0.125
scaffold01870	narG	Archaea; Euryarchaeota; Halobacteria	Archaea; Euryarchaeota; Halobacteria	1.91749	1.0	0.125
scaffold02347	narG	Archaea; Euryarchaeota; Halobacteria	Archaea; Euryarchaeota; Halobacteria	1.42413	1.0	0.125
scaffold02740	narG	Bacteria; unclassified Bacteria; Bacteria candidate phyla; Candidatus Saccharibacteria; unclassified Saccharibacteria	Bacteria; unclassified Bacteria; Bacteria candidate phyla; Candidatus Saccharibacteria; unclassified Saccharibacteria	13.1451	0.994818	0.12891
scaffold03271	narG	Archaea; Euryarchaeota; Halobacteria	Archaea; Euryarchaeota; Halobacteria	1.48266	1.0	0.125
scaffold03824	narG	Bacteria; Proteobacteria; Betaproteobacteria; Rhodocyclales; Rhodocyclaceae; Aromatoleum; Aromatoleum aromaticum	Bacteria; Proteobacteria; Betaproteobacteria; Rhodocyclales; Rhodocyclaceae	2.42191	1.0	0.0
scaffold05093	narG	Bacteria; Proteobacteria; Gammaproteobacteria; unclassified Gammaproteobacteria; Candidatus Thioglobus; environmental samples	Bacteria; Proteobacteria; Gammaproteobacteria; unclassified Gammaproteobacteria; Candidatus Thioglobus	0.621455	1.0	0.0
scaffold06145	narG	Bacteria; Proteobacteria; Alphaproteobacteria; Pelagibacterales; environmental samples	Bacteria; Proteobacteria; Alphaproteobacteria; Pelagibacterales; environmental samples	1.19265	1.0	0.0
scaffold06792	narG	Bacteria	Bacteria	303.025	0.251236	0.35744
scaffold06862	narG	Archaea; Euryarchaeota; Halobacteria	Archaea; Euryarchaeota; Halobacteria	1.0653	1.0	0.125
scaffold07426	narG	Bacteria; Actinobacteria; Actinobacteria; Micrococcales; Micrococcaceae; Kocuria	Bacteria; Actinobacteria; Actinobacteria; Micrococcales; Micrococcaceae	2098.31	0.400894	0.0
scaffold110550	narG	Bacteria; Proteobacteria; Gammaproteobacteria	Bacteria; Proteobacteria; Gammaproteobacteria	0	0.580868	0.07812
scaffold110710	narG	Bacteria; Proteobacteria; Alphaproteobacteria; Rhodospirillales; Rhodospirillaceae; Thalassospira; Thalassospira tepidiphila	Bacteria; Proteobacteria; Alphaproteobacteria; Rhodospirillales; Rhodospirillaceae	0.964808	0.9732	0.0
scaffold111898	narG	Bacteria; Proteobacteria; Alphaproteobacteria; Rhodobacterales; Rhodobacteraceae; Thioclava	Bacteria; Proteobacteria; Alphaproteobacteria; Rhodobacterales; Rhodobacteraceae	0.555857	0.999924	0.0
scaffold115952	narG	Bacteria; Proteobacteria; Gammaproteobacteria; unclassified Gammaproteobacteria; Candidatus Thioglobus; environmental samples	Bacteria; Proteobacteria; Gammaproteobacteria; unclassified Gammaproteobacteria; Candidatus Thioglobus	0.141884	1.0	0.0
scaffold11955	narG	Bacteria; Proteobacteria; Gammaproteobacteria	Bacteria; Proteobacteria; Gammaproteobacteria	0.302855	0.321823	0.09375
scaffold124763	narG	Bacteria; Chlorobi; unclassified Chlorobi	Bacteria; Chlorobi; unclassified Chlorobi	1.03675	1.0	0.0
scaffold14053	narG	Bacteria; Proteobacteria; Alphaproteobacteria; Rhodospirillales; Rhodospirillaceae; Thalassospira; Thalassospira tepidiphila	Bacteria; Proteobacteria; Alphaproteobacteria; Rhodospirillales; Rhodospirillaceae	0.577495	1.0	0.0
scaffold142015	narG	Bacteria; unclassified Bacteria; Bacteria candidate phyla; Candidatus Saccharibacteria; unclassified Saccharibacteria	Bacteria; unclassified Bacteria; Bacteria candidate phyla; Candidatus Saccharibacteria; unclassified Saccharibacteria	0	0.638327	0.0
scaffold144594	narG	Bacteria; Proteobacteria; Gammaproteobacteria; unclassified Gammaproteobacteria; Candidatus Thioglobus; environmental samples	Bacteria; Proteobacteria; Gammaproteobacteria; unclassified Gammaproteobacteria; Candidatus Thioglobus	0	0.999999	0.0
scaffold151355	narG	Bacteria; unclassified Bacteria; Bacteria candidate phyla; Candidatus Saccharibacteria; unclassified Saccharibacteria	Bacteria; unclassified Bacteria; Bacteria candidate phyla; Candidatus Saccharibacteria; unclassified Saccharibacteria	0.165531	0.886988	0.0
scaffold153541	narG	unclassified sequences; metagenomes; ecological metagenomes	unclassified sequences; metagenomes; ecological metagenomes	0	0.438275	0.0
scaffold154810	narG	Bacteria; Chlorobi; unclassified Chlorobi	Bacteria; Chlorobi; unclassified Chlorobi	0.336003	0.669031	0.0
scaffold15572	narG	Bacteria; Candidatus Omnitrophica; unclassified Candidatus Omnitrophica	Bacteria; Candidatus Omnitrophica; unclassified Candidatus Omnitrophica	0.766325	1.0	0.0
scaffold163888	narG	Bacteria; Proteobacteria; Gammaproteobacteria; Pseudomonadales	Bacteria; Proteobacteria; Gammaproteobacteria; Pseudomonadales	0	0.77099	0.03125
scaffold165714	narG	Bacteria; Chlorobi; unclassified Chlorobi	Bacteria; Chlorobi; unclassified Chlorobi	0.523539	0.671482	0.0
scaffold170581	narG	Bacteria	Bacteria	0.177261	0.223115	0.35744
scaffold170625	narG	Bacteria; unclassified Bacteria; Bacteria candidate phyla; Candidatus Saccharibacteria; unclassified Saccharibacteria	Bacteria; unclassified Bacteria; Bacteria candidate phyla; Candidatus Saccharibacteria; unclassified Saccharibacteria	0	0.487835	0.0
scaffold173844	narG	Bacteria; Proteobacteria; Alphaproteobacteria	Bacteria; Proteobacteria; Alphaproteobacteria	0	0.28785	0.08665
scaffold179208	narG	Bacteria; unclassified Bacteria; Bacteria candidate phyla; Candidatus Acetothermia; Candidatus Acetothermum	Bacteria; unclassified Bacteria; Bacteria candidate phyla; Candidatus Acetothermia; Candidatus Acetothermum	0.182531	1.0	0.06641
scaffold179551	narG	Bacteria; unclassified Bacteria; Bacteria candidate phyla; Candidatus Saccharibacteria; unclassified Saccharibacteria	Bacteria; unclassified Bacteria; Bacteria candidate phyla; Candidatus Saccharibacteria; unclassified Saccharibacteria	0	0.843571	0.0
scaffold183181	narG	Bacteria; Proteobacteria	Bacteria; Proteobacteria	0	0.456551	0.09375
scaffold186061	narG	Bacteria; unclassified Bacteria; Bacteria candidate phyla; Candidatus Saccharibacteria; unclassified Saccharibacteria	Bacteria; unclassified Bacteria; Bacteria candidate phyla; Candidatus Saccharibacteria; unclassified Saccharibacteria	0.74626	0.944983	0.0
scaffold189673	narG	Bacteria; Candidatus Omnitrophica; unclassified Candidatus Omnitrophica	Bacteria; Candidatus Omnitrophica; unclassified Candidatus Omnitrophica	0	0.98685	0.0
scaffold189735	narG	Bacteria; Proteobacteria; Gammaproteobacteria; unclassified Gammaproteobacteria; Candidatus Thioglobus; environmental samples	Bacteria; Proteobacteria; Gammaproteobacteria; unclassified Gammaproteobacteria; Candidatus Thioglobus	3.20704	1.0	0.0
scaffold193317	narG	unclassified sequences; metagenomes; ecological metagenomes	unclassified sequences; metagenomes; ecological metagenomes	0.953906	0.670969	0.0
scaffold19353	narG	Bacteria; Proteobacteria; Alphaproteobacteria; Rhodospirillales; Rhodospirillaceae; Thalassospira; Thalassospira tepidiphila	Bacteria; Proteobacteria; Alphaproteobacteria; Rhodospirillales; Rhodospirillaceae	0.116576	0.999997	0.0
scaffold194849	narG	unclassified sequences; metagenomes; ecological metagenomes	unclassified sequences; metagenomes; ecological metagenomes	0	0.340404	0.0
scaffold203185	narG	Bacteria; Proteobacteria	Bacteria; Proteobacteria	0	0.423811	0.125
scaffold211568	narG	Bacteria; Proteobacteria; Gammaproteobacteria; unclassified Gammaproteobacteria; Candidatus Thioglobus; environmental samples	Bacteria; Proteobacteria; Gammaproteobacteria; unclassified Gammaproteobacteria; Candidatus Thioglobus	0	0.996321	0.0
scaffold216507	narG	Bacteria; unclassified Bacteria; Bacteria candidate phyla; Candidatus Saccharibacteria; unclassified Saccharibacteria	Bacteria; unclassified Bacteria; Bacteria candidate phyla; Candidatus Saccharibacteria; unclassified Saccharibacteria	0	0.677383	0.0
scaffold248056	narG	Bacteria; unclassified Bacteria; Bacteria candidate phyla; Candidatus Acetothermia; Candidatus Acetothermum	Bacteria; unclassified Bacteria; Bacteria candidate phyla; Candidatus Acetothermia; Candidatus Acetothermum	0	0.999983	0.06641
scaffold251246	narG	Bacteria; Deferribacteres; Deferribacteres; Deferribacterales; Deferribacteraceae	Bacteria; Deferribacteres; Deferribacteres; Deferribacterales; Deferribacteraceae	0	0.938436	0.03125
scaffold251507	narG	Bacteria; Proteobacteria; Gammaproteobacteria; unclassified Gammaproteobacteria; sulfur-oxidizing symbionts; Calyptogena okutanii thioautotrophic gill symbiont	Bacteria; Proteobacteria; Gammaproteobacteria; unclassified Gammaproteobacteria; sulfur-oxidizing symbionts	0	0.986715	0.0
scaffold251695	narG	Bacteria; Proteobacteria; Deltaproteobacteria; unclassified Deltaproteobacteria; unclassified Deltaproteobacteria 	Bacteria; Proteobacteria; Deltaproteobacteria; unclassified Deltaproteobacteria; unclassified Deltaproteobacteria 	0.442863	0.426422	0.0
scaffold00229	norB	Bacteria; Proteobacteria; Gammaproteobacteria; unclassified Gammaproteobacteria; Competibacteraceae; Candidatus Competibacter; Candidatus Competibacter denitrificans	Bacteria; Proteobacteria; Gammaproteobacteria; unclassified Gammaproteobacteria; Competibacteraceae; Candidatus Competibacter	0.556839	0.867286	0.0
scaffold00505	norB	Bacteria; Proteobacteria; Gammaproteobacteria; unclassified Gammaproteobacteria; unclassified Gammaproteobacteria 	Bacteria; Proteobacteria; Gammaproteobacteria; unclassified Gammaproteobacteria; unclassified Gammaproteobacteria 	0	1.0	0.0
scaffold02916	norB	Bacteria; Proteobacteria	Bacteria; Proteobacteria	1.66211	0.999073	0.23793
scaffold03947	norB	Bacteria; Proteobacteria; Gammaproteobacteria; unclassified Gammaproteobacteria; unclassified Gammaproteobacteria 	Bacteria; Proteobacteria; Gammaproteobacteria; unclassified Gammaproteobacteria; unclassified Gammaproteobacteria 	0	0.999996	0.0
scaffold05790	norB	Bacteria; Proteobacteria	Bacteria; Proteobacteria	0	0.711632	0.15625
scaffold111736	norB	Bacteria; Proteobacteria; Gammaproteobacteria; unclassified Gammaproteobacteria; unclassified Gammaproteobacteria 	Bacteria; Proteobacteria; Gammaproteobacteria; unclassified Gammaproteobacteria; unclassified Gammaproteobacteria 	0.277358	0.530061	0.0
scaffold130345	norB	Bacteria; Proteobacteria; Alphaproteobacteria; Rhizobiales; unclassified Rhizobiales; unclassified Rhizobiales 	Bacteria; Proteobacteria; Alphaproteobacteria; Rhizobiales; unclassified Rhizobiales; unclassified Rhizobiales 	10.472	0.480595	0.0
scaffold131656	norB	Bacteria; Proteobacteria; Gammaproteobacteria	Bacteria; Proteobacteria; Gammaproteobacteria	1.83357	0.279133	0.09821
scaffold192788	norB	Bacteria; Proteobacteria; Gammaproteobacteria; unclassified Gammaproteobacteria; unclassified Gammaproteobacteria 	Bacteria; Proteobacteria; Gammaproteobacteria; unclassified Gammaproteobacteria; unclassified Gammaproteobacteria 	1.14146	0.996747	0.0
scaffold199398	norB	Bacteria; Proteobacteria; Gammaproteobacteria	Bacteria; Proteobacteria; Gammaproteobacteria	0.582212	0.501414	0.09659
scaffold201835	norB	Bacteria; Proteobacteria	Bacteria; Proteobacteria	0	0.831245	0.15625
scaffold326294	norB	Bacteria; Proteobacteria; Gammaproteobacteria; Thiotrichales; Thiotrichaceae; Beggiatoa	Bacteria; Proteobacteria; Gammaproteobacteria; Thiotrichales; Thiotrichaceae; Beggiatoa	0.128397	0.709829	0.0
scaffold333470	norB	Bacteria; Proteobacteria; Betaproteobacteria; Burkholderiales	Bacteria; Proteobacteria; Betaproteobacteria; Burkholderiales	0	0.467997	0.05921
scaffold343706	norB	Bacteria; Proteobacteria; Gammaproteobacteria; unclassified Gammaproteobacteria; unclassified Gammaproteobacteria 	Bacteria; Proteobacteria; Gammaproteobacteria; unclassified Gammaproteobacteria; unclassified Gammaproteobacteria 	0	0.909314	0.0
scaffold39065	norB	Bacteria; Proteobacteria; Betaproteobacteria; Neisseriales; Chromobacteriaceae	Bacteria; Proteobacteria; Betaproteobacteria; Neisseriales; Chromobacteriaceae	0.274539	0.989937	0.05729
scaffold39115	norB	Bacteria; Proteobacteria; Betaproteobacteria; Neisseriales; Chromobacteriaceae	Bacteria; Proteobacteria; Betaproteobacteria; Neisseriales; Chromobacteriaceae	0.343174	0.986739	0.05729
scaffold00004	nosZ	SAR324; SAR324	SAR324; SAR324	3.41198	1.0	0.0
scaffold00026	nosZ	Bacteria; Bacteroidetes; Bacteroidetes Order II. Incertae sedis; Rhodothermaceae; Rhodothermus; DSM	Bacteria; Bacteroidetes; Bacteroidetes Order II. Incertae sedis; Rhodothermaceae; Rhodothermus; DSM	1.06222	0.999148	0.0
scaffold00052	nosZ	SHBH1141; SHBH1141	SHBH1141; SHBH1141	0.456541	1.0	0.0
scaffold00099	nosZ	Bacteria; Bacteroidetes; Flavobacteriia; Flavobacteriales; Flavobacteriaceae; Cellulophaga; DSM	Bacteria; Bacteroidetes; Flavobacteriia; Flavobacteriales; Flavobacteriaceae; Cellulophaga	1.57867	0.999977	0.0
scaffold00341	nosZ	GAMMA; GAMMA	GAMMA; GAMMA	0.881137	1.0	0.0
scaffold00617	nosZ	Bacteria; Bacteroidetes; Flavobacteriia; Flavobacteriales; Flavobacteriaceae; Maribacter; sp.	Bacteria; Bacteroidetes; Flavobacteriia; Flavobacteriales; Flavobacteriaceae; Maribacter	1.8216	0.994404	0.0
scaffold05536	nosZ	EPSILON; EPSILON	EPSILON; EPSILON	0.268002	1.0	0.0
scaffold09216	nosZ	SUP05; SUP05	SUP05; SUP05	1.00439	1.0	0.0
scaffold103647	nosZ	ZA3312c; ZA3312c	ZA3312c; ZA3312c	2.25122	0.735657	0.0
scaffold115418	nosZ	SUP05; SUP05	SUP05; SUP05	0.989029	1.0	0.0
scaffold186807	nosZ	Bacteria; Bacteroidetes; Flavobacteriia; Flavobacteriales; Flavobacteriaceae; Maribacter; sp.	Bacteria; Bacteroidetes; Flavobacteriia; Flavobacteriales; Flavobacteriaceae; Maribacter	0	0.998623	0.0
scaffold195221	nosZ	Bacteria; Bacteroidetes; Flavobacteriia; Flavobacteriales; Flavobacteriaceae	Bacteria; Bacteroidetes; Flavobacteriia; Flavobacteriales; Flavobacteriaceae	2.49425	0.252509	0.075
scaffold20851	nosZ	Bacteria; Bacteroidetes; Flavobacteriia; Flavobacteriales; Flavobacteriaceae; Maribacter; sp.	Bacteria; Bacteroidetes; Flavobacteriia; Flavobacteriales; Flavobacteriaceae; Maribacter	2.29543	0.974097	0.0
scaffold22648	nosZ	Bacteria; Bacteroidetes; Flavobacteriia; Flavobacteriales; Flavobacteriaceae; Maribacter; sp.	Bacteria; Bacteroidetes; Flavobacteriia; Flavobacteriales; Flavobacteriaceae; Maribacter	0.449495	0.941961	0.0
scaffold24810	nosZ	SAR324; SAR324	SAR324; SAR324	2.25602	0.997096	0.0
scaffold272059	nosZ	Bacteria; Bacteroidetes; Flavobacteriia; Flavobacteriales; Flavobacteriaceae; Maribacter; sp.	Bacteria; Bacteroidetes; Flavobacteriia; Flavobacteriales; Flavobacteriaceae; Maribacter	0.693869	0.576216	0.0
scaffold31405	nosZ	EPSILON; EPSILON	EPSILON; EPSILON	3.01451	1.0	0.0
scaffold32131	nosZ	Bacteria; Bacteroidetes; Flavobacteriia; Flavobacteriales; Flavobacteriaceae; Maribacter; sp.	Bacteria; Bacteroidetes; Flavobacteriia; Flavobacteriales; Flavobacteriaceae; Maribacter	0.412887	0.991007	0.0
scaffold32303	nosZ	Bacteria; Bacteroidetes; Flavobacteriia; Flavobacteriales; Flavobacteriaceae; Maribacter; sp.	Bacteria; Bacteroidetes; Flavobacteriia; Flavobacteriales; Flavobacteriaceae; Maribacter	0.710911	0.999996	0.0
scaffold327574	nosZ	Bacteria; Bacteroidetes; Flavobacteriia; Flavobacteriales; Flavobacteriaceae	Bacteria; Bacteroidetes; Flavobacteriia; Flavobacteriales; Flavobacteriaceae	1.54664	0.323636	0.075
scaffold365225	nosZ	Bacteria; Ignavibacteriae; Ignavibacteria; Ignavibacteriales; Ignavibacteriaceae; Ignavibacterium; JCM	Bacteria; Ignavibacteriae; Ignavibacteria; Ignavibacteriales; Ignavibacteriaceae; Ignavibacterium	1.64056	0.396286	0.0
scaffold37129	nosZ	EPSILON; EPSILON	EPSILON; EPSILON	1.05526	1.0	0.0
scaffold51542	nosZ	SUP05; SUP05	SUP05; SUP05	0.505892	1.0	0.0
scaffold63680	nosZ	SAR324; SAR324	SAR324; SAR324	0.390385	1.0	0.0
scaffold86843	nosZ	SAR324; SAR324	SAR324; SAR324	0.118902	1.0	0.0
scaffold90396	nosZ	SAR324; SAR324	SAR324; SAR324	1.95404	1.0	0.0
scaffold00027	norC	Bacteria; Proteobacteria; Gammaproteobacteria	Bacteria; Proteobacteria; Gammaproteobacteria	0.209221	0.987262	0.03906
scaffold00229	norC	Bacteria; Proteobacteria; Gammaproteobacteria	Bacteria; Proteobacteria; Gammaproteobacteria	4.1186	0.364253	0.07118
scaffold00505	norC	Bacteria; Proteobacteria; Epsilonproteobacteria; Campylobacterales	Bacteria; Proteobacteria; Epsilonproteobacteria; Campylobacterales	1.14127	0.811961	0.06473
scaffold01220	norC	Bacteria; Chloroflexi; Ardenticatenia; Ardenticatenales; Ardenticatenaceae; Ardenticatena	Bacteria; Chloroflexi; Ardenticatenia; Ardenticatenales; Ardenticatenaceae; Ardenticatena	7.94106	0.996305	0.0
scaffold02477	norC	Bacteria; Proteobacteria; Gammaproteobacteria	Bacteria; Proteobacteria; Gammaproteobacteria	0.376598	0.986619	0.03906
scaffold03947	norC	Bacteria; Proteobacteria; Epsilonproteobacteria; Campylobacterales	Bacteria; Proteobacteria; Epsilonproteobacteria; Campylobacterales	5.92273	0.564167	0.06473
scaffold05790	norC	Bacteria; Proteobacteria; Gammaproteobacteria; unclassified Gammaproteobacteria; Candidatus Thioglobus; environmental samples	Bacteria; Proteobacteria; Gammaproteobacteria; unclassified Gammaproteobacteria; Candidatus Thioglobus; environmental samples	0.535061	1.0	0.0
scaffold06775	norC	Bacteria; Bacteroidetes; Flavobacteriia; Flavobacteriales; Flavobacteriaceae; Aequorivita	Bacteria; Bacteroidetes; Flavobacteriia; Flavobacteriales; Flavobacteriaceae; Aequorivita	0	0.837626	0.0
scaffold102850	norC	Bacteria; Chloroflexi; Ardenticatenia; Ardenticatenales; Ardenticatenaceae; Ardenticatena	Bacteria; Chloroflexi; Ardenticatenia; Ardenticatenales; Ardenticatenaceae; Ardenticatena	4.28699	0.995553	0.0
scaffold12720	norC	Bacteria; Chloroflexi; Ardenticatenia; Ardenticatenales; Ardenticatenaceae; Ardenticatena	Bacteria; Chloroflexi; Ardenticatenia; Ardenticatenales; Ardenticatenaceae; Ardenticatena	6.87274	0.996465	0.0
scaffold163246	norC	Bacteria; Proteobacteria; Epsilonproteobacteria; Campylobacterales	Bacteria; Proteobacteria; Epsilonproteobacteria; Campylobacterales	0.173171	0.336101	0.06473
scaffold174485	norC	Bacteria; Proteobacteria; Epsilonproteobacteria; Campylobacterales	Bacteria; Proteobacteria; Epsilonproteobacteria; Campylobacterales	1.79619	0.863103	0.06473
scaffold206609	norC	Bacteria; Bacteroidetes; unclassified Bacteroidetes; unclassified Bacteroidetes 	Bacteria; Bacteroidetes; unclassified Bacteroidetes; unclassified Bacteroidetes 	0	0.737924	0.0
scaffold58388	norC	Bacteria; Bacteroidetes; unclassified Bacteroidetes; unclassified Bacteroidetes 	Bacteria; Bacteroidetes; unclassified Bacteroidetes; unclassified Bacteroidetes 	1.4742	0.730461	0.0
scaffold00041	napA	Bacteria; Proteobacteria; Gammaproteobacteria; Thiotrichales; Thiotrichaceae	Bacteria; Proteobacteria; Gammaproteobacteria; Thiotrichales; Thiotrichaceae	0.31205	0.997257	0.01562
scaffold00093	napA	Bacteria; Proteobacteria; Deltaproteobacteria	Bacteria; Proteobacteria; Deltaproteobacteria	1.17961	0.658394	0.21875
scaffold00127	napA	Bacteria; Firmicutes; Clostridia; Clostridiales; Symbiobacteriaceae; Symbiobacterium; Symbiobacterium thermophilum	Bacteria; Firmicutes; Clostridia; Clostridiales; Symbiobacteriaceae	1.12201	1.0	0.0
scaffold00321	napA	Bacteria; Firmicutes; Clostridia; Clostridiales; Symbiobacteriaceae; Symbiobacterium; Symbiobacterium thermophilum	Bacteria; Firmicutes; Clostridia; Clostridiales; Symbiobacteriaceae	2.08629	0.796393	0.0
scaffold00346	napA	Bacteria; Firmicutes; Clostridia; Clostridiales; Symbiobacteriaceae; Symbiobacterium; Symbiobacterium thermophilum	Bacteria; Firmicutes; Clostridia; Clostridiales; Symbiobacteriaceae	0.313395	0.999936	0.0
scaffold00355	napA	Bacteria; Proteobacteria; Gammaproteobacteria; unclassified Gammaproteobacteria; Candidatus Thioglobus	Bacteria; Proteobacteria; Gammaproteobacteria; unclassified Gammaproteobacteria; Candidatus Thioglobus	0.758838	1.0	0.0
scaffold00488	napA	Bacteria; Firmicutes; Clostridia; Clostridiales; Symbiobacteriaceae; Symbiobacterium; Symbiobacterium thermophilum	Bacteria; Firmicutes; Clostridia; Clostridiales; Symbiobacteriaceae	0.41786	0.999936	0.0
scaffold00502	napA	Bacteria; Firmicutes; Clostridia; Clostridiales; Symbiobacteriaceae; Symbiobacterium; Symbiobacterium thermophilum	Bacteria; Firmicutes; Clostridia; Clostridiales; Symbiobacteriaceae	2.26969	0.835209	0.0
scaffold00535	napA	Bacteria; Firmicutes; Clostridia; Clostridiales; Symbiobacteriaceae; Symbiobacterium; Symbiobacterium thermophilum	Bacteria; Firmicutes; Clostridia; Clostridiales; Symbiobacteriaceae	3.9961	0.966882	0.0
scaffold00672	napA	Bacteria; Firmicutes; Clostridia; Clostridiales; Symbiobacteriaceae; Symbiobacterium; Symbiobacterium thermophilum	Bacteria; Firmicutes; Clostridia; Clostridiales; Symbiobacteriaceae	0.962878	0.994395	0.0
scaffold00743	napA	Bacteria; Proteobacteria; Deltaproteobacteria	Bacteria; Proteobacteria; Deltaproteobacteria	1.54535	0.674868	0.21875
scaffold00782	napA	Bacteria; Bacteroidetes; Cytophagia; Cytophagales; Flammeovirgaceae; Flammeovirga	Bacteria; Bacteroidetes; Cytophagia; Cytophagales; Flammeovirgaceae	1.1549	0.752998	0.0
scaffold00843	napA	Bacteria; Proteobacteria	Bacteria; Proteobacteria	1.08709	0.643847	0.20392
scaffold00905	napA	Bacteria	Bacteria	2.74436	0.988847	0.39062
scaffold00933	napA	Bacteria; Firmicutes; Clostridia; Clostridiales; Symbiobacteriaceae; Symbiobacterium; Symbiobacterium thermophilum	Bacteria; Firmicutes; Clostridia; Clostridiales; Symbiobacteriaceae	0.71418	0.569936	0.0
scaffold01300	napA	Bacteria; Deferribacteres; Deferribacteres; Deferribacterales; Deferribacteraceae; Mucispirillum; Mucispirillum schaedleri	Bacteria; Deferribacteres; Deferribacteres; Deferribacterales; Deferribacteraceae	77.7009	0.420648	0.0
scaffold01342	napA	Bacteria; Firmicutes; Clostridia; Clostridiales; Symbiobacteriaceae; Symbiobacterium; Symbiobacterium thermophilum	Bacteria; Firmicutes; Clostridia; Clostridiales; Symbiobacteriaceae	1.12063	1.0	0.0
scaffold01347	napA	Bacteria; Firmicutes; Clostridia; Clostridiales; Symbiobacteriaceae; Symbiobacterium; Symbiobacterium thermophilum	Bacteria; Firmicutes; Clostridia; Clostridiales; Symbiobacteriaceae	2.77202	1.0	0.0
scaffold01413	napA	Bacteria; Proteobacteria; Deltaproteobacteria	Bacteria; Proteobacteria; Deltaproteobacteria	1.64278	0.449366	0.21875
scaffold01482	napA	Bacteria; Proteobacteria; Gammaproteobacteria; unclassified Gammaproteobacteria; Candidatus Thioglobus	Bacteria; Proteobacteria; Gammaproteobacteria; unclassified Gammaproteobacteria; Candidatus Thioglobus	1.96665	1.0	0.0
scaffold01698	napA	Bacteria; Proteobacteria; Deltaproteobacteria; Desulfovibrionales; Desulfovibrionaceae	Bacteria; Proteobacteria; Deltaproteobacteria; Desulfovibrionales; Desulfovibrionaceae	3.38567	0.343088	0.01562
scaffold01755	napA	Bacteria; Firmicutes; Clostridia; Clostridiales; Symbiobacteriaceae; Symbiobacterium; Symbiobacterium thermophilum	Bacteria; Firmicutes; Clostridia; Clostridiales; Symbiobacteriaceae	2.85485	1.0	0.0
scaffold01990	napA	Bacteria; Proteobacteria; Deltaproteobacteria	Bacteria; Proteobacteria; Deltaproteobacteria	7.09662	0.990717	0.21875
scaffold02138	napA	Bacteria; Thermodesulfobacteria; Thermodesulfobacteria; Thermodesulfobacteriales; Thermodesulfobacteriaceae; Caldimicrobium	Bacteria; Thermodesulfobacteria; Thermodesulfobacteria; Thermodesulfobacteriales; Thermodesulfobacteriaceae	38.0838	0.403607	0.0
scaffold02872	napA	Bacteria; Proteobacteria; Deltaproteobacteria	Bacteria; Proteobacteria; Deltaproteobacteria	0.830708	0.326206	0.21875
scaffold03044	napA	Bacteria; Proteobacteria; Deltaproteobacteria	Bacteria; Proteobacteria; Deltaproteobacteria	5.3996	0.350312	0.21875
scaffold03201	napA	Bacteria	Bacteria	1.06469	0.315067	0.39062
scaffold03387	napA	Bacteria; Bacteroidetes	Bacteria; Bacteroidetes	0.180881	0.2678	0.16667
scaffold03493	napA	Bacteria; Proteobacteria; Deltaproteobacteria	Bacteria; Proteobacteria; Deltaproteobacteria	0.959073	0.604959	0.21875
scaffold03496	napA	Bacteria; Proteobacteria; Deltaproteobacteria	Bacteria; Proteobacteria; Deltaproteobacteria	3.09178	0.419577	0.21875
scaffold04388	napA	Bacteria; Thermodesulfobacteria; Thermodesulfobacteria; Thermodesulfobacteriales; Thermodesulfobacteriaceae; Caldimicrobium	Bacteria; Thermodesulfobacteria; Thermodesulfobacteria; Thermodesulfobacteriales; Thermodesulfobacteriaceae	1.12286	0.493591	0.0
scaffold04820	napA	Bacteria; Firmicutes; Negativicutes; Selenomonadales	Bacteria; Firmicutes; Negativicutes; Selenomonadales	0.200852	0.210278	0.09375
scaffold05168	napA	Bacteria; Firmicutes; Clostridia; Clostridiales; Symbiobacteriaceae; Symbiobacterium; Symbiobacterium thermophilum	Bacteria; Firmicutes; Clostridia; Clostridiales; Symbiobacteriaceae	0.188767	0.900484	0.0
scaffold05213	napA	Bacteria; Deferribacteres; Deferribacteres; Deferribacterales; Deferribacteraceae	Bacteria; Deferribacteres; Deferribacteres; Deferribacterales; Deferribacteraceae	0.257446	0.956263	0.075
scaffold05330	napA	Bacteria; Deferribacteres; Deferribacteres; Deferribacterales; Deferribacteraceae	Bacteria; Deferribacteres; Deferribacteres; Deferribacterales; Deferribacteraceae	0	0.894688	0.075
scaffold05673	napA	Bacteria; Firmicutes; Clostridia; Clostridiales; Symbiobacteriaceae; Symbiobacterium; Symbiobacterium thermophilum	Bacteria; Firmicutes; Clostridia; Clostridiales; Symbiobacteriaceae	1.2005	0.999783	0.0
scaffold05689	napA	Bacteria; Thermodesulfobacteria; Thermodesulfobacteria; Thermodesulfobacteriales; Thermodesulfobacteriaceae; Caldimicrobium	Bacteria; Thermodesulfobacteria; Thermodesulfobacteria; Thermodesulfobacteriales; Thermodesulfobacteriaceae	3.2922	0.969183	0.0
scaffold05963	napA	Bacteria; Proteobacteria; Deltaproteobacteria	Bacteria; Proteobacteria; Deltaproteobacteria	0.336518	0.943884	0.21875
scaffold06073	napA	Bacteria; Firmicutes; Clostridia; Clostridiales; Symbiobacteriaceae; Symbiobacterium; Symbiobacterium thermophilum	Bacteria; Firmicutes; Clostridia; Clostridiales; Symbiobacteriaceae	0.75947	0.520125	0.0
scaffold06554	napA	unclassified sequences; metagenomes; ecological metagenomes	unclassified sequences; metagenomes; ecological metagenomes	32.9423	0.338694	0.0
scaffold06587	napA	Bacteria; Planctomycetes; Planctomycetia; Planctomycetales; Planctomycetaceae; Rhodopirellula; Rhodopirellula maiorica	Bacteria; Planctomycetes; Planctomycetia; Planctomycetales; Planctomycetaceae	5.55067	0.299803	0.0
scaffold06828	napA	Bacteria; Thermodesulfobacteria; Thermodesulfobacteria; Thermodesulfobacteriales; Thermodesulfobacteriaceae; Caldimicrobium	Bacteria; Thermodesulfobacteria; Thermodesulfobacteria; Thermodesulfobacteriales; Thermodesulfobacteriaceae	8.538	0.978503	0.0
scaffold07230	napA	Bacteria; Firmicutes; Clostridia; Clostridiales; Symbiobacteriaceae; Symbiobacterium; Symbiobacterium thermophilum	Bacteria; Firmicutes; Clostridia; Clostridiales; Symbiobacteriaceae	1.39179	0.552047	0.0
scaffold08171	napA	Bacteria; Firmicutes; Clostridia; Clostridiales; Symbiobacteriaceae; Symbiobacterium; Symbiobacterium thermophilum	Bacteria; Firmicutes; Clostridia; Clostridiales; Symbiobacteriaceae	1.32979	0.755785	0.0
scaffold08334	napA	Bacteria; Bacteroidetes; Cytophagia; Cytophagales; Flammeovirgaceae; Flammeovirga	Bacteria; Bacteroidetes; Cytophagia; Cytophagales; Flammeovirgaceae	0.7196	0.51173	0.0
scaffold08554	napA	Bacteria; Deferribacteres; Deferribacteres; Deferribacterales; Deferribacteraceae	Bacteria; Deferribacteres; Deferribacteres; Deferribacterales; Deferribacteraceae	1.45597	0.972018	0.075
scaffold09525	napA	Bacteria; Proteobacteria; Deltaproteobacteria	Bacteria; Proteobacteria; Deltaproteobacteria	6.11862	0.393131	0.21875
scaffold10022	napA	Bacteria; Firmicutes; Clostridia; Clostridiales; Symbiobacteriaceae; Symbiobacterium; Symbiobacterium thermophilum	Bacteria; Firmicutes; Clostridia; Clostridiales; Symbiobacteriaceae	1.72434	0.874217	0.0
scaffold10201	napA	Bacteria; Thermodesulfobacteria; Thermodesulfobacteria; Thermodesulfobacteriales; Thermodesulfobacteriaceae; Caldimicrobium	Bacteria; Thermodesulfobacteria; Thermodesulfobacteria; Thermodesulfobacteriales; Thermodesulfobacteriaceae	2.00341	0.308794	0.0
scaffold10247	napA	Bacteria; Firmicutes; Clostridia; Clostridiales; unclassified Clostridiales; unclassified Clostridiales 	Bacteria; Firmicutes; Clostridia; Clostridiales; unclassified Clostridiales	6.52878	0.505182	0.0
scaffold103018	napA	Bacteria; Firmicutes; Clostridia; Clostridiales; Symbiobacteriaceae; Symbiobacterium; Symbiobacterium thermophilum	Bacteria; Firmicutes; Clostridia; Clostridiales; Symbiobacteriaceae	0.462579	0.960227	0.0
scaffold103373	napA	Bacteria; Firmicutes; Clostridia; Clostridiales; Symbiobacteriaceae; Symbiobacterium; Symbiobacterium thermophilum	Bacteria; Firmicutes; Clostridia; Clostridiales; Symbiobacteriaceae	0.132425	0.238621	0.0
scaffold104206	napA	Bacteria; Actinobacteria; Coriobacteriia; Eggerthellales; Eggerthellaceae	Bacteria; Actinobacteria; Coriobacteriia; Eggerthellales; Eggerthellaceae	0	0.394191	0.125
scaffold104270	napA	Bacteria; Proteobacteria; Deltaproteobacteria; Myxococcales; Cystobacterineae; Archangiaceae; Cystobacter; Cystobacter fuscus	Bacteria; Proteobacteria; Deltaproteobacteria; Myxococcales; Cystobacterineae	4.78606	0.705113	0.0
scaffold106144	napA	Bacteria; Bacteroidetes; Cytophagia; Cytophagales; Flammeovirgaceae; Flammeovirga	Bacteria; Bacteroidetes; Cytophagia; Cytophagales; Flammeovirgaceae	0.80721	0.52658	0.0
scaffold107966	napA	Bacteria; Firmicutes; Clostridia; Clostridiales; Symbiobacteriaceae; Symbiobacterium; Symbiobacterium thermophilum	Bacteria; Firmicutes; Clostridia; Clostridiales; Symbiobacteriaceae	0.747387	0.805507	0.0
scaffold108755	napA	Bacteria; Firmicutes; Clostridia; Clostridiales; Symbiobacteriaceae; Symbiobacterium; Symbiobacterium thermophilum	Bacteria; Firmicutes; Clostridia; Clostridiales; Symbiobacteriaceae	1.15972	0.989515	0.0
scaffold109764	napA	Bacteria; Proteobacteria; Deltaproteobacteria; Myxococcales; Cystobacterineae; Archangiaceae; Cystobacter; Cystobacter fuscus	Bacteria; Proteobacteria; Deltaproteobacteria; Myxococcales; Cystobacterineae	1.50996	0.98257	0.0
scaffold110833	napA	Bacteria; Actinobacteria; Coriobacteriia; Eggerthellales; Eggerthellaceae	Bacteria; Actinobacteria; Coriobacteriia; Eggerthellales; Eggerthellaceae	0.138112	0.297394	0.03125
scaffold112269	napA	Bacteria; Proteobacteria; Deltaproteobacteria; Myxococcales; Cystobacterineae; Archangiaceae; Cystobacter; Cystobacter fuscus	Bacteria; Proteobacteria; Deltaproteobacteria; Myxococcales; Cystobacterineae	0.557003	0.330456	0.0
scaffold113753	napA	Bacteria	Bacteria	1.40117	0.945374	0.39062
scaffold11476	napA	Bacteria; Proteobacteria	Bacteria; Proteobacteria	7.90509	0.93483	0.20392
scaffold119623	napA	Bacteria; Firmicutes; Clostridia; Clostridiales; Symbiobacteriaceae; Symbiobacterium; Symbiobacterium thermophilum	Bacteria; Firmicutes; Clostridia; Clostridiales; Symbiobacteriaceae	0.144618	0.999985	0.0
scaffold119687	napA	Bacteria; Firmicutes; Clostridia; Clostridiales; Symbiobacteriaceae; Symbiobacterium; Symbiobacterium thermophilum	Bacteria; Firmicutes; Clostridia; Clostridiales; Symbiobacteriaceae	1.01233	0.929385	0.0
scaffold12150	napA	Bacteria	Bacteria	0.272765	0.626412	0.42188
scaffold12523	napA	Bacteria	Bacteria	4.01373	0.459073	0.4375
scaffold128433	napA	Bacteria; Proteobacteria; Deltaproteobacteria	Bacteria; Proteobacteria; Deltaproteobacteria	0.300831	0.459876	0.21875
scaffold135205	napA	Bacteria; Firmicutes; Clostridia; Clostridiales; Symbiobacteriaceae; Symbiobacterium; Symbiobacterium thermophilum	Bacteria; Firmicutes; Clostridia; Clostridiales; Symbiobacteriaceae	0.232885	1.0	0.0
scaffold136186	napA	Bacteria	Bacteria	0.155974	0.441562	0.42188
scaffold138787	napA	Bacteria; Proteobacteria; Deltaproteobacteria; Desulfobacterales; Desulfobulbaceae; Desulfobulbus; Desulfobulbus propionicus	Bacteria; Proteobacteria; Deltaproteobacteria; Desulfobacterales; Desulfobulbaceae	0	0.489666	0.0
scaffold141574	napA	Bacteria; Firmicutes; Clostridia; Clostridiales; Symbiobacteriaceae; Symbiobacterium; Symbiobacterium thermophilum	Bacteria; Firmicutes; Clostridia; Clostridiales; Symbiobacteriaceae	1.03535	0.761839	0.0
scaffold142539	napA	Bacteria	Bacteria	0.320079	0.53429	0.42188
scaffold14706	napA	Bacteria; Deferribacteres; Deferribacteres; Deferribacterales; Deferribacteraceae	Bacteria; Deferribacteres; Deferribacteres; Deferribacterales; Deferribacteraceae	0.0313978	0.972018	0.075
scaffold147529	napA	Bacteria	Bacteria	0.326264	0.21333	0.42188
scaffold147730	napA	Bacteria; Deferribacteres; Deferribacteres; Deferribacterales; Deferribacteraceae; Mucispirillum; Mucispirillum schaedleri	Bacteria; Deferribacteres; Deferribacteres; Deferribacterales; Deferribacteraceae	0.978791	0.357181	0.0
scaffold15066	napA	Bacteria; Firmicutes; Clostridia; Clostridiales; unclassified Clostridiales; unclassified Clostridiales 	Bacteria; Firmicutes; Clostridia; Clostridiales; unclassified Clostridiales	0.415905	0.313636	0.0
scaffold151317	napA	Bacteria	Bacteria	0.993185	0.617791	0.39062
scaffold153035	napA	Bacteria; Firmicutes; Clostridia; Clostridiales; Symbiobacteriaceae; Symbiobacterium; Symbiobacterium thermophilum	Bacteria; Firmicutes; Clostridia; Clostridiales; Symbiobacteriaceae	0.667028	1.0	0.0
scaffold153160	napA	Bacteria; Firmicutes; Clostridia; Clostridiales; Symbiobacteriaceae; Symbiobacterium; Symbiobacterium thermophilum	Bacteria; Firmicutes; Clostridia; Clostridiales; Symbiobacteriaceae	0.166757	0.943827	0.0
scaffold15408	napA	Bacteria; unclassified Bacteria; Bacteria candidate phyla; candidate division NC10; Candidatus Methylomirabilis	Bacteria; unclassified Bacteria; Bacteria candidate phyla; candidate division NC10; Candidatus Methylomirabilis	1.25875	0.780522	0.0
scaffold155520	napA	Bacteria; Firmicutes; Clostridia; Clostridiales; Symbiobacteriaceae; Symbiobacterium; Symbiobacterium thermophilum	Bacteria; Firmicutes; Clostridia; Clostridiales; Symbiobacteriaceae	0.757892	0.867878	0.0
scaffold15938	napA	Bacteria; Proteobacteria	Bacteria; Proteobacteria	0.467612	0.322662	0.20392
scaffold16035	napA	Bacteria; Firmicutes; Clostridia; Clostridiales; Symbiobacteriaceae; Symbiobacterium; Symbiobacterium thermophilum	Bacteria; Firmicutes; Clostridia; Clostridiales; Symbiobacteriaceae	0.208575	0.831584	0.0
scaffold166219	napA	Bacteria; Acidobacteria; unclassified Acidobacteria; Acidobacteria subdivision 22	Bacteria; Acidobacteria; unclassified Acidobacteria; Acidobacteria subdivision 22	0	0.288037	0.0
scaffold172508	napA	Bacteria; Firmicutes; Clostridia; Clostridiales; Symbiobacteriaceae; Symbiobacterium; Symbiobacterium thermophilum	Bacteria; Firmicutes; Clostridia; Clostridiales; Symbiobacteriaceae	0.268002	0.974937	0.0
scaffold173340	napA	Bacteria; Bacteroidetes	Bacteria; Bacteroidetes	1.07485	0.428185	0.16667
scaffold17592	napA	Bacteria; Firmicutes; Clostridia; Clostridiales; Symbiobacteriaceae; Symbiobacterium; Symbiobacterium thermophilum	Bacteria; Firmicutes; Clostridia; Clostridiales; Symbiobacteriaceae	1.04568	1.0	0.0
scaffold17790	napA	Bacteria; Deferribacteres; Deferribacteres; Deferribacterales; Deferribacteraceae; Mucispirillum; Mucispirillum schaedleri	Bacteria; Deferribacteres; Deferribacteres; Deferribacterales; Deferribacteraceae	1.33384	0.660262	0.0
scaffold178093	napA	Bacteria	Bacteria	0.546118	0.909598	0.39062
scaffold17863	napA	Bacteria; Proteobacteria	Bacteria; Proteobacteria	2.48699	0.607154	0.20392
scaffold179062	napA	Bacteria; Firmicutes; Clostridia; Clostridiales; Peptococcaceae; Desulfitobacterium	Bacteria; Firmicutes; Clostridia; Clostridiales; Peptococcaceae	1.09519	0.30503	0.0
scaffold18754	napA	Bacteria; Proteobacteria	Bacteria; Proteobacteria	1.44221	0.28966	0.20392
scaffold19011	napA	Bacteria; Firmicutes; Clostridia; Clostridiales; Symbiobacteriaceae; Symbiobacterium; Symbiobacterium thermophilum	Bacteria; Firmicutes; Clostridia; Clostridiales; Symbiobacteriaceae	5.64719	0.612217	0.0
scaffold192575	napA	Bacteria; Firmicutes; Clostridia; Clostridiales; Symbiobacteriaceae; Symbiobacterium; Symbiobacterium thermophilum	Bacteria; Firmicutes; Clostridia; Clostridiales; Symbiobacteriaceae	0.380488	0.263663	0.0
scaffold19311	napA	Bacteria; Firmicutes; Clostridia; Clostridiales; Symbiobacteriaceae; Symbiobacterium; Symbiobacterium thermophilum	Bacteria; Firmicutes; Clostridia; Clostridiales; Symbiobacteriaceae	10.3768	0.991434	0.0
scaffold195832	napA	Bacteria; Firmicutes; Negativicutes; Selenomonadales	Bacteria; Firmicutes; Negativicutes; Selenomonadales	4.13686	0.417079	0.09375
scaffold19678	napA	Bacteria; Proteobacteria; Deltaproteobacteria; unclassified Deltaproteobacteria; Dissulfuribacter	Bacteria; Proteobacteria; Deltaproteobacteria; unclassified Deltaproteobacteria; Dissulfuribacter	0.465478	0.49635	0.0
scaffold202971	napA	Bacteria; Deferribacteres; Deferribacteres; Deferribacterales; Deferribacteraceae	Bacteria; Deferribacteres; Deferribacteres; Deferribacterales; Deferribacteraceae	2.35593	0.400217	0.075
scaffold203012	napA	Bacteria	Bacteria	0	0.370433	0.4375
scaffold20573	napA	Bacteria; Deferribacteres; Deferribacteres; Deferribacterales; Deferribacteraceae	Bacteria; Deferribacteres; Deferribacteres; Deferribacterales; Deferribacteraceae	0.0819122	0.517446	0.075
scaffold206691	napA	Bacteria	Bacteria	1.18833	0.35719	0.42188
scaffold210660	napA	Bacteria; Firmicutes; Clostridia; Clostridiales; Symbiobacteriaceae; Symbiobacterium; Symbiobacterium thermophilum	Bacteria; Firmicutes; Clostridia; Clostridiales; Symbiobacteriaceae	1.50304	0.587383	0.0
scaffold219268	napA	Bacteria; Firmicutes; Clostridia; Clostridiales; unclassified Clostridiales; unclassified Clostridiales 	Bacteria; Firmicutes; Clostridia; Clostridiales; unclassified Clostridiales	1.23167	0.568407	0.0
scaffold22083	napA	Bacteria; Bacteroidetes	Bacteria; Bacteroidetes	7.89812	0.522423	0.325
scaffold223213	napA	Bacteria; Deferribacteres; Deferribacteres; Deferribacterales; Deferribacteraceae; Mucispirillum; Mucispirillum schaedleri	Bacteria; Deferribacteres; Deferribacteres; Deferribacterales; Deferribacteraceae	1.65734	0.449708	0.0
scaffold227473	napA	Bacteria; Firmicutes; Clostridia; Clostridiales; Symbiobacteriaceae; Symbiobacterium; Symbiobacterium thermophilum	Bacteria; Firmicutes; Clostridia; Clostridiales; Symbiobacteriaceae	0.418183	0.557629	0.0
scaffold228367	napA	Bacteria; Proteobacteria; Deltaproteobacteria; unclassified Deltaproteobacteria; Dissulfuribacter	Bacteria; Proteobacteria; Deltaproteobacteria; unclassified Deltaproteobacteria; Dissulfuribacter	1.46819	0.640513	0.0
scaffold22859	napA	Bacteria; Firmicutes; Clostridia; Clostridiales; Symbiobacteriaceae; Symbiobacterium; Symbiobacterium thermophilum	Bacteria; Firmicutes; Clostridia; Clostridiales; Symbiobacteriaceae	1.12038	0.994407	0.0
scaffold230468	napA	Bacteria; Firmicutes; Clostridia; Clostridiales; Symbiobacteriaceae; Symbiobacterium; Symbiobacterium thermophilum	Bacteria; Firmicutes; Clostridia; Clostridiales; Symbiobacteriaceae	1.26631	0.623778	0.0
scaffold233410	napA	Bacteria; Thermodesulfobacteria; Thermodesulfobacteria; Thermodesulfobacteriales; Thermodesulfobacteriaceae; Caldimicrobium	Bacteria; Thermodesulfobacteria; Thermodesulfobacteria; Thermodesulfobacteriales; Thermodesulfobacteriaceae	0	0.951541	0.0
scaffold239413	napA	Bacteria	Bacteria	6.66762	0.444525	0.4375
scaffold24306	napA	Bacteria; Proteobacteria; Deltaproteobacteria	Bacteria; Proteobacteria; Deltaproteobacteria	0.165068	0.244386	0.21875
scaffold243259	napA	Bacteria; Proteobacteria; Gammaproteobacteria; unclassified Gammaproteobacteria; Candidatus Thioglobus	Bacteria; Proteobacteria; Gammaproteobacteria; unclassified Gammaproteobacteria; Candidatus Thioglobus	3.04023	1.0	0.0
scaffold24422	napA	Bacteria; Bacteroidetes	Bacteria; Bacteroidetes	34.7162	0.306444	0.16667
scaffold244346	napA	Bacteria; Firmicutes; Clostridia; Clostridiales; Symbiobacteriaceae; Symbiobacterium; Symbiobacterium thermophilum	Bacteria; Firmicutes; Clostridia; Clostridiales; Symbiobacteriaceae	3.37683	0.99069	0.0
scaffold249020	napA	Bacteria; Planctomycetes; Planctomycetia; Planctomycetales; Planctomycetaceae; Rhodopirellula; Rhodopirellula maiorica	Bacteria; Planctomycetes; Planctomycetia; Planctomycetales; Planctomycetaceae	3.73981	0.686007	0.0
scaffold25016	napA	Bacteria; Firmicutes; Clostridia; Clostridiales; Symbiobacteriaceae; Symbiobacterium; Symbiobacterium thermophilum	Bacteria; Firmicutes; Clostridia; Clostridiales; Symbiobacteriaceae	1.40198	0.996958	0.0
scaffold252686	napA	Bacteria; Proteobacteria; Gammaproteobacteria; unclassified Gammaproteobacteria; Candidatus Thioglobus	Bacteria; Proteobacteria; Gammaproteobacteria; unclassified Gammaproteobacteria; Candidatus Thioglobus	0.22216	1.0	0.0
scaffold255979	napA	Bacteria; Proteobacteria; Gammaproteobacteria; unclassified Gammaproteobacteria; Candidatus Thioglobus	Bacteria; Proteobacteria; Gammaproteobacteria; unclassified Gammaproteobacteria; Candidatus Thioglobus	1.11816	1.0	0.0
scaffold256305	napA	Bacteria; Aquificae; Aquificae; Aquificales; Aquificales genera incertae sedis; Thermosulfidibacter; Thermosulfidibacter takaii	Bacteria; Aquificae; Aquificae; Aquificales; Aquificales genera incertae sedis	3.13083	0.248801	0.0
scaffold256596	napA	Bacteria; Firmicutes; Clostridia; Clostridiales; Symbiobacteriaceae; Symbiobacterium; Symbiobacterium thermophilum	Bacteria; Firmicutes; Clostridia; Clostridiales; Symbiobacteriaceae	1.57062	0.994083	0.0
scaffold258536	napA	Bacteria; Nitrospinae; Nitrospinia; Nitrospinales; Nitrospinaceae; Nitrospina	Bacteria; Nitrospinae; Nitrospinia; Nitrospinales; Nitrospinaceae	0.225122	0.674348	0.0
scaffold261804	napA	Bacteria; Firmicutes; Bacilli; Bacillales; Bacillaceae; Bacillus; Bacillus azotoformans	Bacteria; Firmicutes; Bacilli; Bacillales; Bacillaceae	0.453266	0.750005	0.0
scaffold262732	napA	Bacteria; Proteobacteria; Gammaproteobacteria; unclassified Gammaproteobacteria; Candidatus Thioglobus	Bacteria; Proteobacteria; Gammaproteobacteria; unclassified Gammaproteobacteria; Candidatus Thioglobus	0	1.0	0.0
scaffold264018	napA	unclassified sequences; metagenomes; ecological metagenomes	unclassified sequences; metagenomes; ecological metagenomes	2.27396	0.300276	0.0
scaffold264648	napA	Bacteria; Firmicutes; Clostridia; Clostridiales; Symbiobacteriaceae; Symbiobacterium; Symbiobacterium thermophilum	Bacteria; Firmicutes; Clostridia; Clostridiales; Symbiobacteriaceae	0	0.506979	0.0
scaffold266692	napA	Bacteria; Firmicutes; Clostridia; Clostridiales; Symbiobacteriaceae; Symbiobacterium; Symbiobacterium thermophilum	Bacteria; Firmicutes; Clostridia; Clostridiales; Symbiobacteriaceae	0.801281	0.999795	0.0
scaffold27260	napA	Bacteria; Proteobacteria; Deltaproteobacteria; Myxococcales; Cystobacterineae; Archangiaceae; Cystobacter; Cystobacter fuscus	Bacteria; Proteobacteria; Deltaproteobacteria; Myxococcales; Cystobacterineae	7.5415	0.999045	0.0
scaffold27294	napA	Bacteria; Acidobacteria; unclassified Acidobacteria; Acidobacteria subdivision 22	Bacteria; Acidobacteria; unclassified Acidobacteria; Acidobacteria subdivision 22	3.13822	0.730419	0.0
scaffold275659	napA	Bacteria; Firmicutes; Clostridia; Clostridiales; Symbiobacteriaceae; Symbiobacterium; Symbiobacterium thermophilum	Bacteria; Firmicutes; Clostridia; Clostridiales; Symbiobacteriaceae	1.63583	0.620014	0.0
scaffold27607	napA	Bacteria; Proteobacteria	Bacteria; Proteobacteria	0.942371	0.647149	0.20392
scaffold28119	napA	Bacteria; Deferribacteres; Deferribacteres; Deferribacterales; Deferribacteraceae	Bacteria; Deferribacteres; Deferribacteres; Deferribacterales; Deferribacteraceae	19.4745	0.841282	0.075
scaffold28162	napA	Bacteria	Bacteria	1.38373	0.306048	0.4375
scaffold28210	napA	Bacteria; Firmicutes; Negativicutes; Selenomonadales	Bacteria; Firmicutes; Negativicutes; Selenomonadales	0.542027	0.569928	0.09375
scaffold284017	napA	Bacteria; Firmicutes; Clostridia; Clostridiales; Symbiobacteriaceae; Symbiobacterium; Symbiobacterium thermophilum	Bacteria; Firmicutes; Clostridia; Clostridiales; Symbiobacteriaceae	0.951219	0.362375	0.0
scaffold287633	napA	Bacteria	Bacteria	0	0.289171	0.42188
scaffold291699	napA	Bacteria; Firmicutes; Clostridia; Clostridiales; Symbiobacteriaceae; Symbiobacterium; Symbiobacterium thermophilum	Bacteria; Firmicutes; Clostridia; Clostridiales; Symbiobacteriaceae	1.44721	0.999977	0.0
scaffold29352	napA	Bacteria; Proteobacteria; Deltaproteobacteria; Myxococcales; Cystobacterineae; Archangiaceae; Cystobacter; Cystobacter fuscus	Bacteria; Proteobacteria; Deltaproteobacteria; Myxococcales; Cystobacterineae	0.109905	0.417095	0.0
scaffold294389	napA	Bacteria; Proteobacteria; Gammaproteobacteria; unclassified Gammaproteobacteria; Candidatus Thioglobus	Bacteria; Proteobacteria; Gammaproteobacteria; unclassified Gammaproteobacteria; Candidatus Thioglobus	1.21033	1.0	0.0
scaffold30315	napA	Bacteria; Bacteroidetes	Bacteria; Bacteroidetes	5.97569	0.570452	0.325
scaffold304717	napA	Bacteria; Proteobacteria; Deltaproteobacteria	Bacteria; Proteobacteria; Deltaproteobacteria	0	0.298794	0.21875
scaffold315885	napA	Bacteria; Bacteroidetes	Bacteria; Bacteroidetes	0.882007	0.509551	0.325
scaffold316081	napA	Bacteria; Firmicutes; Clostridia; Clostridiales; Symbiobacteriaceae; Symbiobacterium; Symbiobacterium thermophilum	Bacteria; Firmicutes; Clostridia; Clostridiales; Symbiobacteriaceae	0.126001	0.999694	0.0
scaffold319793	napA	Bacteria; Firmicutes; Clostridia; Clostridiales; Symbiobacteriaceae; Symbiobacterium; Symbiobacterium thermophilum	Bacteria; Firmicutes; Clostridia; Clostridiales; Symbiobacteriaceae	0.634742	0.800355	0.0
scaffold32069	napA	Bacteria; Proteobacteria; Betaproteobacteria; Burkholderiales; Sutterellaceae; Sutterella; Sutterella parvirubra	Bacteria; Proteobacteria; Betaproteobacteria; Burkholderiales; Sutterellaceae	32.3257	0.98091	0.0
scaffold324483	napA	Bacteria; Firmicutes; Clostridia; Clostridiales; Symbiobacteriaceae; Symbiobacterium; Symbiobacterium thermophilum	Bacteria; Firmicutes; Clostridia; Clostridiales; Symbiobacteriaceae	0.639551	0.999955	0.0
scaffold326928	napA	Bacteria; Deferribacteres; Deferribacteres; Deferribacterales; Deferribacteraceae	Bacteria; Deferribacteres; Deferribacteres; Deferribacterales; Deferribacteraceae	0	0.231383	0.075
scaffold327134	napA	Bacteria; Proteobacteria; Deltaproteobacteria	Bacteria; Proteobacteria; Deltaproteobacteria	0.77332	0.602626	0.21875
scaffold331545	napA	Bacteria; Firmicutes; Clostridia; Clostridiales; Symbiobacteriaceae; Symbiobacterium; Symbiobacterium thermophilum	Bacteria; Firmicutes; Clostridia; Clostridiales; Symbiobacteriaceae	0	0.99996	0.0
scaffold336443	napA	Bacteria; Proteobacteria; Betaproteobacteria; unclassified Betaproteobacteria; unclassified Betaproteobacteria 	Bacteria; Proteobacteria; Betaproteobacteria; unclassified Betaproteobacteria; unclassified Betaproteobacteria 	0	0.640529	0.0
scaffold343079	napA	Bacteria; Firmicutes; Clostridia; Clostridiales; Symbiobacteriaceae; Symbiobacterium; Symbiobacterium thermophilum	Bacteria; Firmicutes; Clostridia; Clostridiales; Symbiobacteriaceae	0	0.205151	0.0
scaffold345771	napA	Bacteria; Firmicutes; Clostridia; Clostridiales; Symbiobacteriaceae; Symbiobacterium; Symbiobacterium thermophilum	Bacteria; Firmicutes; Clostridia; Clostridiales; Symbiobacteriaceae	2.92481	0.999879	0.0
scaffold35208	napA	Bacteria; Firmicutes; Clostridia; Clostridiales; Symbiobacteriaceae; Symbiobacterium; Symbiobacterium thermophilum	Bacteria; Firmicutes; Clostridia; Clostridiales; Symbiobacteriaceae	4.494	1.0	0.0
scaffold35297	napA	Bacteria	Bacteria	1.07805	0.351342	0.42188
scaffold35530	napA	Bacteria; Firmicutes; Clostridia; Clostridiales; Symbiobacteriaceae; Symbiobacterium; Symbiobacterium thermophilum	Bacteria; Firmicutes; Clostridia; Clostridiales; Symbiobacteriaceae	0.191322	0.681632	0.0
scaffold35973	napA	Bacteria; Firmicutes; Clostridia; Clostridiales; Symbiobacteriaceae; Symbiobacterium; Symbiobacterium thermophilum	Bacteria; Firmicutes; Clostridia; Clostridiales; Symbiobacteriaceae	1.99584	1.0	0.0
scaffold361921	napA	Bacteria; Proteobacteria; Deltaproteobacteria; unclassified Deltaproteobacteria; Dissulfuribacter	Bacteria; Proteobacteria; Deltaproteobacteria; unclassified Deltaproteobacteria; Dissulfuribacter	0.136162	0.221485	0.0
scaffold362264	napA	Bacteria; Nitrospinae; Nitrospinia; Nitrospinales; Nitrospinaceae; Nitrospina	Bacteria; Nitrospinae; Nitrospinia; Nitrospinales; Nitrospinaceae	1.36162	0.296852	0.0
scaffold366694	napA	unclassified sequences; metagenomes; ecological metagenomes	unclassified sequences; metagenomes; ecological metagenomes	0.549078	0.351031	0.0
scaffold369690	napA	Bacteria; Firmicutes; Clostridia; Clostridiales; Symbiobacteriaceae; Symbiobacterium; Symbiobacterium thermophilum	Bacteria; Firmicutes; Clostridia; Clostridiales; Symbiobacteriaceae	1.10264	0.841096	0.0
scaffold375996	napA	Bacteria; Firmicutes; Clostridia; Clostridiales; Symbiobacteriaceae; Symbiobacterium; Symbiobacterium thermophilum	Bacteria; Firmicutes; Clostridia; Clostridiales; Symbiobacteriaceae	1.9455	0.989993	0.0
scaffold377528	napA	Bacteria; Proteobacteria; Deltaproteobacteria; Desulfovibrionales; Desulfovibrionaceae	Bacteria; Proteobacteria; Deltaproteobacteria; Desulfovibrionales; Desulfovibrionaceae	0.555857	0.718603	0.01562
scaffold378769	napA	Bacteria; Actinobacteria; Coriobacteriia; Eggerthellales; Eggerthellaceae; Denitrobacterium	Bacteria; Actinobacteria; Coriobacteriia; Eggerthellales; Eggerthellaceae	0	0.234957	0.0
scaffold382174	napA	Bacteria; Firmicutes; Clostridia; Clostridiales; Peptococcaceae; Desulfitobacterium	Bacteria; Firmicutes; Clostridia; Clostridiales; Peptococcaceae	4.09313	0.518765	0.0
scaffold382892	napA	Bacteria; Thermodesulfobacteria; Thermodesulfobacteria; Thermodesulfobacteriales; Thermodesulfobacteriaceae; Caldimicrobium	Bacteria; Thermodesulfobacteria; Thermodesulfobacteria; Thermodesulfobacteriales; Thermodesulfobacteriaceae	0	0.705058	0.0
scaffold38343	napA	Bacteria; Firmicutes; Clostridia; Clostridiales; Symbiobacteriaceae; Symbiobacterium; Symbiobacterium thermophilum	Bacteria; Firmicutes; Clostridia; Clostridiales; Symbiobacteriaceae	0.541375	0.951791	0.0
scaffold39278	napA	Bacteria; Proteobacteria; Deltaproteobacteria; Myxococcales; Cystobacterineae; Archangiaceae; Cystobacter; Cystobacter fuscus	Bacteria; Proteobacteria; Deltaproteobacteria; Myxococcales; Cystobacterineae	0.551319	0.62772	0.0
scaffold39633	napA	Bacteria; Firmicutes; Clostridia; Clostridiales; Symbiobacteriaceae; Symbiobacterium; Symbiobacterium thermophilum	Bacteria; Firmicutes; Clostridia; Clostridiales; Symbiobacteriaceae	0.693394	0.960227	0.0
scaffold40430	napA	Bacteria; Firmicutes; Clostridia; Clostridiales; unclassified Clostridiales; unclassified Clostridiales 	Bacteria; Firmicutes; Clostridia; Clostridiales; unclassified Clostridiales	3.38035	0.864209	0.0
scaffold41169	napA	Bacteria; Proteobacteria; Deltaproteobacteria; Myxococcales; Cystobacterineae; Archangiaceae; Cystobacter; Cystobacter fuscus	Bacteria; Proteobacteria; Deltaproteobacteria; Myxococcales; Cystobacterineae	3.63713	0.636355	0.0
scaffold42692	napA	Bacteria; Firmicutes; Clostridia; Clostridiales; Symbiobacteriaceae; Symbiobacterium; Symbiobacterium thermophilum	Bacteria; Firmicutes; Clostridia; Clostridiales; Symbiobacteriaceae	1.17455	0.994257	0.0
scaffold43908	napA	Bacteria; Proteobacteria	Bacteria; Proteobacteria	2.09881	0.895724	0.20392
scaffold45898	napA	Bacteria; unclassified Bacteria; Bacteria candidate phyla; candidate division NC10; Candidatus Methylomirabilis	Bacteria; unclassified Bacteria; Bacteria candidate phyla; candidate division NC10; Candidatus Methylomirabilis	0.0774502	0.489078	0.0
scaffold46451	napA	Bacteria	Bacteria	0	0.34041	0.4375
scaffold48194	napA	Bacteria; Firmicutes; Clostridia; Clostridiales; Symbiobacteriaceae; Symbiobacterium; Symbiobacterium thermophilum	Bacteria; Firmicutes; Clostridia; Clostridiales; Symbiobacteriaceae	4.09556	0.484937	0.0
scaffold50481	napA	Bacteria; Firmicutes; Clostridia; Clostridiales; Symbiobacteriaceae; Symbiobacterium; Symbiobacterium thermophilum	Bacteria; Firmicutes; Clostridia; Clostridiales; Symbiobacteriaceae	0.415354	0.407856	0.0
scaffold51003	napA	Bacteria; Firmicutes; Clostridia; Clostridiales; Symbiobacteriaceae; Symbiobacterium; Symbiobacterium thermophilum	Bacteria; Firmicutes; Clostridia; Clostridiales; Symbiobacteriaceae	0.585819	1.0	0.0
scaffold54165	napA	Bacteria; Deferribacteres; Deferribacteres; Deferribacterales; Deferribacteraceae	Bacteria; Deferribacteres; Deferribacteres; Deferribacterales; Deferribacteraceae	0	0.872019	0.075
scaffold55023	napA	Bacteria	Bacteria	0.353595	0.558505	0.39062
scaffold56200	napA	Bacteria; Proteobacteria; Deltaproteobacteria; Myxococcales; Cystobacterineae; Archangiaceae; Cystobacter; Cystobacter fuscus	Bacteria; Proteobacteria; Deltaproteobacteria; Myxococcales; Cystobacterineae	0.08969	0.31628	0.0
scaffold59022	napA	Bacteria; Bacteroidetes; Cytophagia; Cytophagales; Flammeovirgaceae; Flammeovirga	Bacteria; Bacteroidetes; Cytophagia; Cytophagales; Flammeovirgaceae	0.9277	0.899632	0.0
scaffold59822	napA	Bacteria; Firmicutes; Clostridia; Clostridiales; Symbiobacteriaceae; Symbiobacterium; Symbiobacterium thermophilum	Bacteria; Firmicutes; Clostridia; Clostridiales; Symbiobacteriaceae	3.88733	0.696578	0.0
scaffold60056	napA	Bacteria; Proteobacteria; Deltaproteobacteria; Myxococcales; Cystobacterineae; Archangiaceae; Cystobacter; Cystobacter fuscus	Bacteria; Proteobacteria; Deltaproteobacteria; Myxococcales; Cystobacterineae	0.422691	0.526499	0.0
scaffold61099	napA	unclassified sequences; metagenomes; ecological metagenomes	unclassified sequences; metagenomes; ecological metagenomes	1.04487	0.32533	0.0
scaffold62570	napA	Bacteria; Firmicutes; Clostridia; Clostridiales; Symbiobacteriaceae; Symbiobacterium; Symbiobacterium thermophilum	Bacteria; Firmicutes; Clostridia; Clostridiales; Symbiobacteriaceae	0.192962	0.965405	0.0
scaffold64418	napA	Bacteria; Firmicutes; Clostridia; Clostridiales; Symbiobacteriaceae; Symbiobacterium; Symbiobacterium thermophilum	Bacteria; Firmicutes; Clostridia; Clostridiales; Symbiobacteriaceae	3.39652	1.0	0.0
scaffold64707	napA	Bacteria	Bacteria	2.56718	0.507913	0.42188
scaffold65798	napA	Bacteria; Aquificae; Aquificae; Aquificales; Aquificales genera incertae sedis; Thermosulfidibacter; Thermosulfidibacter takaii	Bacteria; Aquificae; Aquificae; Aquificales; Aquificales genera incertae sedis	0.498793	0.41357	0.0
scaffold67650	napA	Bacteria; Firmicutes; Clostridia; Clostridiales; Symbiobacteriaceae; Symbiobacterium; Symbiobacterium thermophilum	Bacteria; Firmicutes; Clostridia; Clostridiales; Symbiobacteriaceae	4.98387	0.696578	0.0
scaffold68191	napA	Bacteria; Thermodesulfobacteria; Thermodesulfobacteria; Thermodesulfobacteriales; Thermodesulfobacteriaceae; Caldimicrobium	Bacteria; Thermodesulfobacteria; Thermodesulfobacteria; Thermodesulfobacteriales; Thermodesulfobacteriaceae	3.26955	0.991069	0.0
scaffold71373	napA	Bacteria; Proteobacteria; Deltaproteobacteria	Bacteria; Proteobacteria; Deltaproteobacteria	0.421445	0.221373	0.21875
scaffold78568	napA	Bacteria	Bacteria	0.670893	0.54322	0.4375
scaffold86327	napA	Bacteria	Bacteria	10.9006	0.696862	0.39062
scaffold87734	napA	Bacteria; Proteobacteria; Deltaproteobacteria	Bacteria; Proteobacteria; Deltaproteobacteria	0.957965	0.492519	0.21875
scaffold92732	napA	Bacteria; Firmicutes; Clostridia; Clostridiales; Symbiobacteriaceae; Symbiobacterium; Symbiobacterium thermophilum	Bacteria; Firmicutes; Clostridia; Clostridiales; Symbiobacteriaceae	1.36312	0.414995	0.0
scaffold95523	napA	Bacteria; Firmicutes; Clostridia; Clostridiales; Symbiobacteriaceae; Symbiobacterium; Symbiobacterium thermophilum	Bacteria; Firmicutes; Clostridia; Clostridiales; Symbiobacteriaceae	1.00989	1.0	0.0
scaffold96054	napA	Bacteria	Bacteria	0.506841	0.442433	0.39062
scaffold96500	napA	Bacteria; Proteobacteria; Deltaproteobacteria	Bacteria; Proteobacteria; Deltaproteobacteria	2.15812	0.653089	0.21875
scaffold97598	napA	Bacteria; Proteobacteria; Deltaproteobacteria; Myxococcales; Cystobacterineae; Archangiaceae; Cystobacter; Cystobacter fuscus	Bacteria; Proteobacteria; Deltaproteobacteria; Myxococcales; Cystobacterineae	0.895371	0.987439	0.0
scaffold98340	napA	Bacteria; Firmicutes; Clostridia; Clostridiales; Symbiobacteriaceae; Symbiobacterium; Symbiobacterium thermophilum	Bacteria; Firmicutes; Clostridia; Clostridiales; Symbiobacteriaceae	1.54076	0.998371	0.0
scaffold99718	napA	Bacteria; Deferribacteres; Deferribacteres; Deferribacterales; Deferribacteraceae	Bacteria; Deferribacteres; Deferribacteres; Deferribacterales; Deferribacteraceae	14.1025	0.800853	0.075
scaffold00016	nirK	Bacteria; Proteobacteria; Gammaproteobacteria; Oceanospirillales; Kangiellaceae; Kangiella; Kangiella koreensis	Bacteria; Proteobacteria; Gammaproteobacteria; Oceanospirillales; Kangiellaceae; Kangiella	0.855901	0.999995	0.0
scaffold00747	nirK	Bacteria; Proteobacteria; Betaproteobacteria	Bacteria; Proteobacteria; Betaproteobacteria	11.0238	0.998866	0.225
scaffold01113	nirK	Bacteria; Proteobacteria; Betaproteobacteria; Nitrosomonadales; Nitrosomonadaceae; Nitrosomonas	Bacteria; Proteobacteria; Betaproteobacteria; Nitrosomonadales; Nitrosomonadaceae; Nitrosomonas	29.7024	1.0	0.00781
scaffold01225	nirK	Bacteria; Proteobacteria	Bacteria; Proteobacteria	415.066	0.642155	0.3365
scaffold01424	nirK	Bacteria; Proteobacteria	Bacteria; Proteobacteria	8.98116	0.99963	0.3365
scaffold02296	nirK	Bacteria; Proteobacteria; Gammaproteobacteria; Chromatiales; Chromatiaceae; Nitrosococcus	Bacteria; Proteobacteria; Gammaproteobacteria; Chromatiales; Chromatiaceae; Nitrosococcus	1.86323	1.0	0.0
scaffold02907	nirK	Bacteria; Proteobacteria; Betaproteobacteria	Bacteria; Proteobacteria; Betaproteobacteria	1.33007	0.63942	0.26359
scaffold03664	nirK	Bacteria; Proteobacteria	Bacteria; Proteobacteria	0.570883	0.928731	0.36875
scaffold04223	nirK	Bacteria; Proteobacteria; Gammaproteobacteria; Chromatiales; Chromatiaceae; Nitrosococcus	Bacteria; Proteobacteria; Gammaproteobacteria; Chromatiales; Chromatiaceae; Nitrosococcus	1.61764	1.0	0.0
scaffold07212	nirK	Bacteria; Proteobacteria	Bacteria; Proteobacteria	397.439	0.965898	0.3365
scaffold09278	nirK	Bacteria; Proteobacteria; Alphaproteobacteria; Rhizobiales	Bacteria; Proteobacteria; Alphaproteobacteria; Rhizobiales	1.41312	0.454305	0.10011
scaffold09593	nirK	Bacteria; Proteobacteria; Alphaproteobacteria; Rhizobiales	Bacteria; Proteobacteria; Alphaproteobacteria; Rhizobiales	4.64765	0.731961	0.10011
scaffold106876	nirK	Bacteria; Proteobacteria; Betaproteobacteria	Bacteria; Proteobacteria; Betaproteobacteria	2.63393	0.380718	0.225
scaffold111472	nirK	Bacteria; Bacteroidetes; Flavobacteriia; Flavobacteriales; Flavobacteriaceae; Maribacter	Bacteria; Bacteroidetes; Flavobacteriia; Flavobacteriales; Flavobacteriaceae; Maribacter	0.693394	0.99908	0.0
scaffold113362	nirK	Bacteria; Proteobacteria; Alphaproteobacteria; Rhodobacterales; Rhodobacteraceae	Bacteria; Proteobacteria; Alphaproteobacteria; Rhodobacterales; Rhodobacteraceae	0.699136	0.400519	0.0625
scaffold11504	nirK	Bacteria; Proteobacteria	Bacteria; Proteobacteria	46.5353	0.888533	0.3365
scaffold11606	nirK	Bacteria; Proteobacteria; Alphaproteobacteria; Rhodobacterales; Rhodobacteraceae	Bacteria; Proteobacteria; Alphaproteobacteria; Rhodobacterales; Rhodobacteraceae	5.34917	0.976338	0.0625
scaffold117132	nirK	Bacteria; Proteobacteria; Betaproteobacteria; Neisseriales; Neisseriaceae; Kingella; Kingella oralis	Bacteria; Proteobacteria; Betaproteobacteria; Neisseriales; Neisseriaceae; Kingella	17.9193	0.568935	0.0
scaffold125938	nirK	Bacteria; Proteobacteria; Betaproteobacteria	Bacteria; Proteobacteria; Betaproteobacteria	0.371897	0.280613	0.26359
scaffold134436	nirK	Bacteria; Proteobacteria; Alphaproteobacteria; Rhodobacterales; Rhodobacteraceae; Maritimibacter; Maritimibacter alkaliphilus	Bacteria; Proteobacteria; Alphaproteobacteria; Rhodobacterales; Rhodobacteraceae; Maritimibacter	0.463638	0.994718	0.0
scaffold152294	nirK	Bacteria; Proteobacteria; Alphaproteobacteria; Rhodobacterales; Rhodobacteraceae; Rhodobacter	Bacteria; Proteobacteria; Alphaproteobacteria; Rhodobacterales; Rhodobacteraceae; Rhodobacter	0.665385	0.519942	0.01172
scaffold18019	nirK	Bacteria; Proteobacteria; Gammaproteobacteria; Chromatiales; Chromatiaceae; Nitrosococcus	Bacteria; Proteobacteria; Gammaproteobacteria; Chromatiales; Chromatiaceae; Nitrosococcus	0.624318	1.0	0.0
scaffold180966	nirK	Bacteria; Proteobacteria; Alphaproteobacteria; Rhizobiales	Bacteria; Proteobacteria; Alphaproteobacteria; Rhizobiales	0.183523	0.388971	0.10052
scaffold18368	nirK	Bacteria; Proteobacteria; Alphaproteobacteria; Rhodobacterales; Rhodobacteraceae	Bacteria; Proteobacteria; Alphaproteobacteria; Rhodobacterales; Rhodobacteraceae	0.678191	0.334037	0.0625
scaffold206524	nirK	Bacteria; Bacteroidetes; Flavobacteriia; Flavobacteriales; Flavobacteriaceae; Maribacter	Bacteria; Bacteroidetes; Flavobacteriia; Flavobacteriales; Flavobacteriaceae; Maribacter	0	1.0	0.0
scaffold212571	nirK	Bacteria; Bacteroidetes; Flavobacteriia; Flavobacteriales; Flavobacteriaceae	Bacteria; Bacteroidetes; Flavobacteriia; Flavobacteriales; Flavobacteriaceae	1.41121	0.306491	0.05208
scaffold215700	nirK	Bacteria; Bacteroidetes; Flavobacteriia; Flavobacteriales; Flavobacteriaceae; unclassified Flavobacteriaceae	Bacteria; Bacteroidetes; Flavobacteriia; Flavobacteriales; Flavobacteriaceae; unclassified Flavobacteriaceae	0	0.677238	0.0
scaffold21802	nirK	Bacteria; Proteobacteria; Gammaproteobacteria; Alteromonadales; Shewanellaceae; Shewanella	Bacteria; Proteobacteria; Gammaproteobacteria; Alteromonadales; Shewanellaceae; Shewanella	1.66541	0.949756	0.01953
scaffold227582	nirK	Bacteria; Proteobacteria; Gammaproteobacteria; Pseudomonadales; Pseudomonadaceae; Pseudomonas; Pseudomonas entomophila	Bacteria; Proteobacteria; Gammaproteobacteria; Pseudomonadales; Pseudomonadaceae; Pseudomonas	0.209092	0.656492	0.0
scaffold22877	nirK	Bacteria; Proteobacteria; Gammaproteobacteria; Alteromonadales; Shewanellaceae; Shewanella	Bacteria; Proteobacteria; Gammaproteobacteria; Alteromonadales; Shewanellaceae; Shewanella	0.98659	0.965996	0.01953
scaffold239419	nirK	Bacteria; Bacteroidetes; Flavobacteriia; Flavobacteriales; Flavobacteriaceae; unclassified Flavobacteriaceae	Bacteria; Bacteroidetes; Flavobacteriia; Flavobacteriales; Flavobacteriaceae; unclassified Flavobacteriaceae	0	0.611302	0.0
scaffold245254	nirK	Bacteria; Proteobacteria; Betaproteobacteria; Nitrosomonadales; Nitrosomonadaceae; Nitrosomonas	Bacteria; Proteobacteria; Betaproteobacteria; Nitrosomonadales; Nitrosomonadaceae; Nitrosomonas	0.218565	0.999224	0.00781
scaffold246069	nirK	Bacteria; Spirochaetes; Spirochaetia; Leptospirales; Leptospiraceae; Turneriella; Turneriella parva	Bacteria; Spirochaetes; Spirochaetia; Leptospirales; Leptospiraceae; Turneriella	0	0.85178	0.0
scaffold252853	nirK	Bacteria; Proteobacteria; Gammaproteobacteria; Xanthomonadales; Xanthomonadaceae; Pseudoxanthomonas; Pseudoxanthomonas suwonensis	Bacteria; Proteobacteria; Gammaproteobacteria; Xanthomonadales; Xanthomonadaceae; Pseudoxanthomonas	0	0.385919	0.0
scaffold291803	nirK	Bacteria; Proteobacteria; Gammaproteobacteria; Chromatiales; Chromatiaceae; Nitrosococcus	Bacteria; Proteobacteria; Gammaproteobacteria; Chromatiales; Chromatiaceae; Nitrosococcus	0	0.786863	0.0
scaffold298673	nirK	Bacteria; Spirochaetes; Spirochaetia; Leptospirales; Leptospiraceae; Turneriella; Turneriella parva	Bacteria; Spirochaetes; Spirochaetia; Leptospirales; Leptospiraceae; Turneriella	0	0.733403	0.0
scaffold30399	nirK	Bacteria; Proteobacteria; Betaproteobacteria	Bacteria; Proteobacteria; Betaproteobacteria	0.678191	0.349747	0.225
scaffold333442	nirK	Bacteria; Proteobacteria	Bacteria; Proteobacteria	2.07805	0.429378	0.36875
scaffold354563	nirK	Bacteria; Bacteroidetes; Flavobacteriia; Flavobacteriales; Flavobacteriaceae; Maribacter	Bacteria; Bacteroidetes; Flavobacteriia; Flavobacteriales; Flavobacteriaceae; Maribacter	0	0.999984	0.0
scaffold361348	nirK	Bacteria; Proteobacteria; Betaproteobacteria; Nitrosomonadales; Nitrosomonadaceae; Nitrosomonas	Bacteria; Proteobacteria; Betaproteobacteria; Nitrosomonadales; Nitrosomonadaceae; Nitrosomonas	4.49336	0.866792	0.00781
scaffold361939	nirK	Bacteria; Proteobacteria; Gammaproteobacteria; Alteromonadales; Shewanellaceae; Shewanella; Shewanella loihica	Bacteria; Proteobacteria; Gammaproteobacteria; Alteromonadales; Shewanellaceae; Shewanella	9.8037	0.814936	0.0
scaffold370433	nirK	Bacteria; Proteobacteria; Alphaproteobacteria; Rhodobacterales; Rhodobacteraceae	Bacteria; Proteobacteria; Alphaproteobacteria; Rhodobacterales; Rhodobacteraceae	0.275659	0.581354	0.0625
scaffold381549	nirK	Bacteria; Proteobacteria; Gammaproteobacteria; Alteromonadales; Shewanellaceae; Shewanella	Bacteria; Proteobacteria; Gammaproteobacteria; Alteromonadales; Shewanellaceae; Shewanella	0	0.550607	0.01953
scaffold385085	nirK	Bacteria; Proteobacteria; Gammaproteobacteria; Chromatiales; Chromatiaceae; Nitrosococcus	Bacteria; Proteobacteria; Gammaproteobacteria; Chromatiales; Chromatiaceae; Nitrosococcus	0	0.647207	0.0
scaffold43135	nirK	Bacteria; Proteobacteria	Bacteria; Proteobacteria	3.25121	0.371931	0.36875
scaffold51657	nirK	Bacteria; Proteobacteria; Gammaproteobacteria; Chromatiales; Chromatiaceae; Nitrosococcus	Bacteria; Proteobacteria; Gammaproteobacteria; Chromatiales; Chromatiaceae; Nitrosococcus	1.43515	0.997765	0.0
scaffold53024	nirK	Bacteria; Proteobacteria; Alphaproteobacteria; Rhodobacterales; Rhodobacteraceae	Bacteria; Proteobacteria; Alphaproteobacteria; Rhodobacterales; Rhodobacteraceae	0	0.985265	0.0625
scaffold96536	nirK	Bacteria; Bacteroidetes; Flavobacteriia; Flavobacteriales; Flavobacteriaceae; unclassified Flavobacteriaceae	Bacteria; Bacteroidetes; Flavobacteriia; Flavobacteriales; Flavobacteriaceae; unclassified Flavobacteriaceae	1.01559	0.479129	0.0
scaffold99469	nirK	Bacteria; Spirochaetes; Spirochaetia; Leptospirales; Leptospiraceae; Turneriella; Turneriella parva	Bacteria; Spirochaetes; Spirochaetia; Leptospirales; Leptospiraceae; Turneriella	0.12938	0.975802	0.0
